gene,mean_abs_grad
KLHL31,1.8397327697651746
LOC100510707,1.7929971335611312
OPLAH,1.763706077919529
RNASEK-C17orf49,1.7555175160720236
SNORD55,1.6909732999512537
CBX2,1.6908925402726844
TGFB3,1.663664140701885
ESAM,1.6411193843872531
GOLGA6L5P,1.5101101173957558
NTNG2,1.500507844964301
NRADDP,1.4750096129141386
SNORD15A,1.4439223317099064
MUSTN1,1.4309026410594314
EIF3IP1,1.3943925067338074
ALOX15,1.3892882540253917
LOC390937,1.3877462214807548
SERF1B,1.3408011763458412
LRRC70,1.3311622453618275
MS4A6A,1.2913700704661493
CCL2,1.278552621438583
AQP1,1.271633020256392
LOC388780,1.2556077426132137
IL22,1.232218227725827
LOC389705,1.2008897628722695
IL17F,1.1934924691751083
LOC101929107,1.1930990419535028
GOLGA8O,1.1880328534489104
LOC102724426,1.179693493409429
LOC102725432,1.172629999320747
LOC101929333,1.1684335476037744
ZNF704,1.1640876456443896
MINOS1P1,1.1570678468779543
FLJ43681,1.1181916949930937
CXCL3,1.1122207211203632
CTRL,1.1102654658870876
TMEM200B,1.104173032772326
CCDC11,1.1018530904940047
PTPRVP,1.0953455787768893
ANXA2P1,1.0928621883911414
PTH2R,1.0928561495770954
CLEC3B,1.0918495803009103
LOC100506730,1.088279822024799
LOC401010,1.0854173125473419
LYNX1,1.0837861611449808
LOC100288911,1.079663363284035
LOC494127,1.0761687118116903
RTKN2,1.068057149572918
BAI1,1.067809347254752
OR7E37P,1.0623629962981918
FAM218A,1.0618720125275576
LOC101928982,1.0617680643327725
TMEM236,1.0595403700470223
FAM86B3P,1.0573281057635773
CCL17,1.0570502824802834
SMC1B,1.047511307868487
FLJ45513,1.040149638822921
FAM127C,1.0379252940735957
C14orf37,1.035355839236539
CYR61,1.0349269377661316
IL3,1.0309662116851628
LOC643387,1.0281103312817712
LOC101929021,1.0271156220698887
MCTP1,1.0176974559006144
LOC101928093,1.0170965589036516
LINC01252,1.0116187879522058
SCARNA7,1.0088937797354836
PTTG2,1.0051621700809727
GLYCTK-AS1,1.0044679145701843
GRIN3B,1.0038212885025097
RAB26,0.997731024404134
HNRNPA3P1,0.9968108970051357
VTRNA2-1,0.9954939360923358
LOC729739,0.9894032340285931
MIR564,0.9856393237188149
ELAVL4,0.975506139831751
OXT,0.9745612763758447
SNORA10,0.9734246834117682
RPL10L,0.9720657326876434
FMO5,0.9713415753988462
PLA2G1B,0.966503271720479
RNASE1,0.9619759414253805
SCX,0.9585549513764985
LOC341056,0.955174895481599
AIM1L,0.9515487900759311
MMP14,0.9467245779096005
SELL,0.9428585847780477
IL5,0.9423594641216955
MUC20,0.9405676938870977
MC1R,0.938160399747393
SLMO2-ATP5E,0.9349229029983634
TUBA4B,0.9294789509190621
EMILIN1,0.9275872772843002
FANK1,0.9208982606111801
FAM114A1,0.9179793160327213
CBWD6,0.9172209435273115
LOC102724770,0.9136277375502962
LOC102724537,0.90544929431085
ITGAD,0.9001479448901766
SNORA19,0.8984030047882499
LOC101927684,0.8981892436356651
LOC102724302,0.8912800807857105
TPSB2,0.8907170994816367
S100B,0.8904035862776108
MAGOH2,0.8871009755242477
LOC101928152,0.8860869040810517
LOC101928001,0.8836552418510215
SAMSN1-AS1,0.8823203953028863
LOC283140,0.8820346716162543
SLC25A29,0.8802260014048794
GCK,0.8791310633930786
LOC101927252,0.8783592246350438
TWIST1,0.8782374636414962
AMN,0.8775790900751319
LOC100507501,0.8771949963400851
MIR192,0.8759515086107738
TFAMP1,0.8756841113626325
LOC101927768,0.8749687464887096
PON3,0.8734682686278192
RAVER2,0.8714158900812343
PARD6G-AS1,0.8678737926761021
ZNF321P,0.8666755269992803
PFN1P2,0.8662868180741129
CDKN1C,0.8651472700262208
CSNK1A1L,0.8648037623430938
EGR4,0.8606928746807148
LOC101060376,0.8595108808834697
SLX1A,0.8584865470509278
EIF3CL,0.8580511470447285
ITGA7,0.8556329955260107
GeneID:102723372,0.8538929572308487
PGAM1P5,0.8532358824257132
HSD52,0.8473108816735101
STMN4,0.8468881571228584
ZMYND19,0.8445097289683393
ASCL1,0.8436484355476015
NUDT4P2,0.8426970716640441
FXYD3,0.839643876038676
IL10RB-AS1,0.836927837125648
UBE2MP1,0.8368625112331022
DIRAS3,0.8360558130804526
IGFBP6,0.8349791343461469
CYP2D7P,0.8345056408123092
TUBA3D,0.83253844889444
RASIP1,0.8286635990248057
GUCY1B2,0.8278459356571779
GeneID:100288102,0.8257771584764608
LINC01135,0.8230393631845079
ARC,0.8204204551522253
FOXP3,0.8197925452460034
PASK,0.8196876265275324
MOK,0.8177196788119779
HPN,0.8154273103791201
GeneID:145663,0.8144573258729916
LEPREL1,0.8142128097139727
USP27X,0.8129937789923614
SECTM1,0.8120305928816821
LOC102725351,0.810244209715692
LOC101929094,0.808085343153565
LOC101930079,0.8069715187129982
LOC102725391,0.8054421852721468
GTSCR1,0.8045561056602364
CDO1,0.8034017481398031
FCER1G,0.8016847356609799
PMS2P3,0.8001281008023662
ICA1,0.7972609326220307
EME1,0.795447891270351
CCR7,0.7950576243992666
CABP7,0.7947898582386133
LOC101927635,0.7944856085223618
LOC102724457,0.7943612613575108
CTSG,0.7939284796842188
LOC100996720,0.7938665440030672
DBH,0.792835616095852
CLK2P,0.7914613195571488
PMCH,0.7914575840814804
GGTLC2,0.7880338744852328
C2CD4C,0.7868922312034572
FAM132A,0.7867008620944339
HMCN1,0.7845696838352421
XCL2,0.7811052046767482
PSCA,0.7800836036345851
PCSK1N,0.7798519975216344
WFDC2,0.7792263067660629
MUC4,0.779027440219676
ANP32AP1,0.7737233126040068
NKX2-3,0.7733717806007745
HBA2,0.772810786694619
SCUBE1,0.7707429563893498
SERF2-C15ORF63,0.7706305676654713
TMEM244,0.7705413929979058
LOC101927838,0.7689923596289027
ACRBP,0.7681534885214707
STX1A,0.7676202850786383
LOC101929290,0.7675384602834313
REREP3,0.7666261311273833
FGD1,0.7662270292745965
LOC115110,0.7652761222749965
HIST1H3E,0.7636618434174566
LOC100128288,0.7622413211950446
PADI4,0.7617125125407552
LOC102724342,0.761689310781526
CECR5-AS1,0.761613346019686
MAMDC4,0.7613904651606137
LOC102724031,0.759232745065063
SERHL2,0.7586684735131259
ANKRD9,0.7582018029689049
GREB1L,0.757480004828327
MAGIX,0.7573242925325024
LOC102724885,0.7550768453465474
ITGB4,0.7549978857718519
HAR1A,0.7541282464149726
ABHD17C,0.7529249947436588
LOC102723797,0.7520737518240548
LOC101928353,0.7512037742973726
PELI3,0.7501122307536489
TUBA3E,0.7495916081734122
CH25H,0.7458265145058065
RASSF8,0.7444147837523393
LOC101930154,0.7437729876007861
MMP23A,0.7421732533555223
CITED4,0.7410125760799761
GTF2IP1,0.7404844201170543
LOC101930551,0.7396425125758681
NPIPB9,0.7391155560515758
PTMS,0.7381965117418761
CTAGE1,0.7372638886139387
PRRT3-AS1,0.7371878831771294
LOC102725469,0.7358015714416826
CCL4L1,0.7353677993801846
LOC102723729,0.7346434245275982
KRT18,0.7346244945860746
GNG8,0.7345060812370929
LOC102467081,0.7344927114692789
DISC1FP1,0.7330393815733778
SNORD22,0.7320430321197103
LINC00598,0.7318202345024356
LOC100505942,0.7317073359225468
DBIL5P,0.7307377515446045
AMT,0.729557599472132
TGIF2-C20orf24,0.7279971827873034
PI3,0.7278921250171932
PRSS3,0.7276811344921681
SLC9A5,0.7273038646926676
NUPR1,0.7259168312129982
PRR19,0.7254916018409816
C11orf85,0.7249025119362684
SFTPC,0.7240241208394842
LOC100996643,0.7226173552700594
LOC101929595,0.7218588200647724
CDKL4,0.720065332022169
LOC100131289,0.7192533707176787
PHLDA2,0.7183203115162333
SNORA27,0.7181827203921942
YJEFN3,0.7181589245892275
XCL1,0.7170709278082332
SMG1P1,0.7170276420734678
LOC100132831,0.7169532683650778
BCO2,0.7162756649975324
LINC00336,0.7149961127593996
C7orf61,0.7142063552584964
PGAM4,0.7139638293351844
LOC101927560,0.7128191751597516
PVALB,0.7114070140083535
RRAD,0.7112859880020419
CYP21A2,0.7107955065199819
LOC102723467,0.7107726547546747
FGFR4,0.7104831709982066
LOC101927595,0.7073127794351471
C6orf147,0.7068229156450628
LOC91450,0.7062295279095824
DCST2,0.7060083256024405
CACNA1F,0.7049776445828296
MIA,0.7045091843399598
URGCP-MRPS24,0.7038716391956626
SLC6A9,0.6959433649900376
MIRLET7DHG,0.6944528993201354
FTH1P3,0.6940625780581039
TMEM191C,0.6940016819534931
LOC644762,0.6936602704501789
TNFRSF4,0.6921364820481647
NPFF,0.6914685924308446
RNU5D-1,0.6908708472710372
LOC100288152,0.6906006226395653
LOC101927241,0.6902139266524132
AARSD1,0.6900199392104828
SCARF2,0.6894821886844551
HES4,0.6894361323221302
OPRM1,0.6888342392613843
IL17A,0.6875961177902311
LOC101929416,0.6875355972196392
LINC00202-1,0.6868297588018969
VWA1,0.6863728734255797
CALML6,0.6846159242754513
FLJ40194,0.6841569091388233
LOC102723342,0.6832389734585194
FAXDC2,0.6831226629108573
DIRAS2,0.6823547128690729
LOC102724841,0.6820591789474048
SH2B2,0.68129863553375
TDRD1,0.68113882830904
TYROBP,0.6804554140964627
PC,0.6801323309234985
RNU5B-1,0.6789738009079591
FOXD4,0.6788562332199671
LOC101929463,0.6781741972266981
CXCL10,0.678053325406898
NACAP1,0.6772420981437139
CXCL8,0.6769971828024384
LOC101927815,0.6758014181632633
MMP23B,0.6739396349553558
LOC101928530,0.6727294250265042
LOC102725438,0.6725994893100581
WTH3DI,0.6722113271321524
SUCNR1,0.6719908139346649
GeneID:102723666,0.6711751237760126
LOC101928426,0.6702491599918853
GeneID:102723992,0.6700202270757538
FAHD2CP,0.6697725983356544
ACOT1,0.6689186959352091
LOC102725521,0.6681594929036822
C9orf135,0.6681387846146637
CTSK,0.6673548729581846
C16orf71,0.6672520050149097
LOC728673,0.6664387085309039
OVGP1,0.6657731492109525
CNIH2,0.6654336456474771
CRYAB,0.6649343235081375
LOC101928346,0.663417814033768
LOC102724936,0.6621748626464935
LCAT,0.6617852276563275
ANTXRL,0.6617655712409336
GZMH,0.6614351145473729
AGAP11,0.661125029391922
CDH26,0.6610724111165274
CAV1,0.6591726460006645
PPP1R2P9,0.658946119529228
GZMK,0.6584830217607983
HMHB1,0.6584222505188839
ID3,0.6583387277801913
LOC102723692,0.6583152157560801
KLRC4-KLRK1,0.6582945301693701
CSF1,0.6572465008023904
OTUD5,0.6572287466512582
LSP1P3,0.6565668296329176
LOC100506314,0.6564300633594186
INSM2,0.6563700129157973
LOC102725018,0.655920502478971
LOC102724389,0.6549012889629126
TSSK3,0.6532906613933139
TMEM86A,0.6523798017387729
PKN3,0.6520168490554992
ZDHHC23,0.651858979094443
HTR1F,0.6512417553539913
ATP8B5P,0.6512212627369032
ACTG2,0.6510618660456041
B3GALT6,0.6510127117641061
ANKRD24,0.6502253777346293
LOC102724571,0.6497434928600332
HBD,0.6494384774138365
RNU6-39P,0.64898420374892
FXYD1,0.6488822188308505
SNORD32A,0.6488265636487368
WASH1,0.6476450238976607
LOC101930608,0.6467714144745923
SIX3,0.6458759767819556
EPPK1,0.6453014466243907
FAM95C,0.6452358341152008
BRD7P3,0.6448182819071562
BRI3,0.6447240294899355
AGER,0.6434325585398698
UBE2E4P,0.6431593759867936
C4orf50,0.6411822281607426
RPS4Y2,0.641039671852661
BARX2,0.6409068642941967
VCAM1,0.64035316066684
CXCL17,0.6395119200059644
LOC101928745,0.639472796834045
LINC00866,0.6390454121616206
STX1B,0.6387801697409224
KRT86,0.6380357099668704
LOC101060091,0.6376591486685792
FAM35BP,0.6372675626987814
TPI1P2,0.6370146887795021
LYPLA2P2,0.636796710673124
MFSD7,0.6354719108424046
AK1,0.6352164124416763
DOC2GP,0.6351591751924429
LRRC26,0.6346689585706481
MT1DP,0.6337882385953895
THBS1,0.6330106835852745
BAMBI,0.6329049078546597
FBXL6,0.6324811446733967
LOC101930660,0.632142779063132
NRN1L,0.6319607084412753
ADORA2A-AS1,0.6316961981700244
TRAM1L1,0.6315188978707293
TCEAL2,0.630669714239687
LAIR2,0.6304199718200786
LOC283693,0.6304004501996411
GDPD3,0.6301705926374053
LOC101928891,0.62913385010144
NRARP,0.6287960009686924
LOC102724448,0.6286845345260944
NKG7,0.6284811445447503
RNU5F-1,0.628322599190018
FCGR3B,0.6282069507930189
LOC101928402,0.6280534898094483
SLC25A52,0.6280332691470967
TMOD4,0.6279804517535384
LOC102725263,0.627672066906397
MT1L,0.6266423351270578
LOC102724334,0.625599576479355
LOC284577,0.6244803186196343
LMNTD2,0.6242725064177912
LOC101928054,0.6237278723626577
LOC100653247,0.6234633810099972
POTEI,0.6228236465118296
BTF3P11,0.6226136742799312
LOC100996273,0.622292924715089
KIAA1683,0.6221956500530568
MTMR9LP,0.6221752312184711
TAS2R13,0.6220992976723051
FRMD8P1,0.6218593711633099
MT1JP,0.6217951368734284
LOC102724835,0.6217659052864838
IL1R2,0.62146587394292
SNORA53,0.6211845478826192
CCL20,0.6202197035574941
ASIC1,0.6200466902107767
CD14,0.6195585319316141
MT3,0.6186794224013605
G0S2,0.6182184118264135
TRIM50,0.6169810565581703
REC114,0.6169181740015707
DGCR6,0.6161544626699585
HOPX,0.6155967738415405
GABARAPL3,0.6153066884738988
LOC102724272,0.6151499810602208
LOC728392,0.6148817116650636
IL20RB,0.6145683800795053
PTGDS,0.614348675651756
SNORA67,0.6143130424867951
NAT14,0.6138807914799629
TNFRSF9,0.613675236265951
BEX1,0.6135595254376036
LOC102724914,0.6124822763077983
SCARNA12,0.6120423093538838
C17orf97,0.6118041621383129
ZBED2,0.6117138428960299
SFTA2,0.610195902230299
FKBP1AP1,0.6100561033067637
AQP4-AS1,0.6097208133863284
LOC101928740,0.6089008963416229
ERICH2,0.6088070629711788
ANKDD1B,0.6087646626264428
IL21,0.6083959487594369
TESK1,0.6080549553569699
RPS4Y1,0.6080491662683168
DSCR9,0.6066706461543137
CLEC18A,0.6057921472215644
GLI1,0.6056591107481567
EEF1A1,0.6053388842823383
ZNF578,0.6042980231692495
LOC101928021,0.604252576931464
LOC100288974,0.6042123124955806
S100A8,0.6038249089531488
LOC100233156,0.6034024057500044
IL1B,0.6025755488933866
CD79A,0.6023687507279873
SIRPD,0.6022374935480039
ZNF683,0.6020467799681368
HIST2H2AA3,0.6013874245269323
LOC101060363,0.6013518802793462
KCNQ4,0.6006694469956794
C19orf35,0.6006238456254528
SCARNA2,0.6003547116507157
ADAMTS17,0.6002241279725494
GADD45G,0.5993072006531122
IL13,0.5989058139075734
LOC102724400,0.5983239012430815
CHN1,0.5980574385733046
HILPDA,0.5975170857951717
LINC01501,0.5973620167314198
LOC102724705,0.5971030202833321
CRSP8P,0.5968976012831708
LOC102724005,0.5968528427361451
GZMB,0.5964415923105526
IGLL5,0.5964299980524447
ABCA6,0.595741704735411
LOC101930325,0.5955761301784268
PPT2,0.595409674961061
APOA1,0.5951623370942886
ACOXL,0.5950745103762868
CRLF1,0.5946817576024279
TNKS2-AS1,0.5942987810101426
NUDT4P1,0.594210553218025
HAR1B,0.5938680898410863
POU6F1,0.5929102208002304
NXPH4,0.5925705824417985
MARCH2,0.5923628364550219
CKLF-CMTM1,0.5921631568822139
MEF2BNB-MEF2B,0.5916533056014042
SNORA1,0.5913064181121075
GPR158,0.5906440271830782
SFT2D3,0.5903057968407347
RNU4ATAC,0.5900220255526287
BBOX1-AS1,0.5900123713959631
AR,0.5893264533079503
MAP1LC3A,0.589176304023624
RPS7P5,0.5888525993749661
IGFBP4,0.5882667076579547
NBL1,0.5881138889605273
EHBP1L1,0.5878805669314301
GNRH1,0.5877784703936774
MT1HL1,0.587285932933809
C1QA,0.5871877009911041
LOC101928103,0.586830956916225
TPSAB1,0.5867804792793306
CEBPB-AS1,0.5867531882667931
LOC102724002,0.5862032570063561
LOC102723897,0.5861381098944893
HSP90AB4P,0.5860412202257711
RPL29P2,0.5859877487219508
GeneID:100506454,0.585981533019085
AMH,0.5854592938453013
FBXL22,0.5853963762893095
CCL18,0.5848901592697098
TEKT4P2,0.5848332010696844
NPIPB5,0.5847542159548917
SNORD89,0.5845362671723288
PYGM,0.5838761209340468
LOC391722,0.5830065936698154
IL2RA,0.5827999917847914
LOC102724009,0.5826717313095224
IFIT2,0.5825851655155688
LOC101927163,0.5822718183221735
LOC102725383,0.5821316452835137
LOC102725414,0.5819174858946017
LOC101928066,0.5816930423599649
LOC102724828,0.5815988173747002
IL17C,0.5815684880365494
LOC102725395,0.5806803798787866
HIST1H4K,0.580401399250727
RNU5E-1,0.5803697030444219
LOC101929017,0.5800432495245834
TDH,0.5798544542897798
FAM35DP,0.5796753037523465
ANKK1,0.5795566841907299
TRMT5,0.5795153002472614
HRASLS2,0.5785827873201129
HIST1H2BO,0.5783228458884364
LOC143666,0.5780047156024308
PIN1P1,0.5779438497675646
LOC100505564,0.5778597173772974
LOC101929789,0.5777221815901351
DBH-AS1,0.5775125579332642
HORMAD2-AS1,0.577148178315312
NPR2,0.5766987293639043
MZB1,0.5761333803982457
CCL4,0.5758158034810085
GNMT,0.5756564498295026
CD9,0.5756258319828487
KLF2,0.5748453497938388
NANOS3,0.5735837512979667
LOC101928431,0.5732614523005732
IFITM4P,0.5732146845992504
NUDT3,0.5731972000380309
CPA3,0.5730903620285669
LOC100288778,0.5729356230942169
TMEM238,0.5729088372080423
SULT1A2,0.5727196513043475
LY6H,0.572691949758399
SOX4,0.5725884612853599
PMS2P9,0.5725004397058774
FOXN3-AS1,0.5724286162234692
NUDT8,0.5720829489832514
CPA5,0.5719965487269635
C2CD4D,0.5719066617744706
RNU5A-1,0.5710098704566929
BRICD5,0.5701990641321446
TCN1,0.5696744147299478
METRN,0.5688890709361778
PIN4P1,0.5688564448811562
PODXL2,0.5688351189001621
FGFBP2,0.5686149679936802
GPR35,0.5686093917391688
CYP4F35P,0.5683888113806854
BMP8B,0.5682177021900887
LOC101930508,0.5678562587373618
SMIM2-IT1,0.5677972615862593
MKRN9P,0.5677355439418618
SNORD13,0.567231365873339
LINC-ROR,0.5669359525576845
MIOX,0.5668426167461671
MIR1307,0.5668109072968488
DPCD,0.5663083500785561
SPP1,0.5663026669340091
FSTL3,0.5660015747304903
CHGB,0.5658385891825982
WNT10A,0.5655975776924453
SERINC2,0.56492755689592
CENPV,0.5646395033848839
SLC17A3,0.5646165655399904
LOC100133286,0.5645197505997042
TTC7B,0.5642941208694512
ENTPD3-AS1,0.5642288148414253
RPL13AP3,0.5639782570305719
OXCT2,0.5636871685046758
ANKRD19P,0.5635854550683781
PAGE5,0.5632317937777997
H2AFB2,0.5631955835958325
LOC102725153,0.5630504893588529
PXDC1,0.5629497724593029
RGMA,0.5628963321711568
ANXA3,0.562449488309643
TAS2R14,0.5618919508299479
LOC102724646,0.5615722171934087
FAM229A,0.5613013691943841
CHRNA10,0.5610324423782115
LINC01353,0.5609394915600082
KLRD1,0.5601049688905727
YWHAEP1,0.5600427716599092
LOC100289656,0.559790312057759
HIF1A-AS1,0.5593576751116832
LOC101927019,0.5591719654989689
PYCARDOS,0.5591038651951454
SYNE4,0.5590934079443187
LOC102724192,0.5590474007703287
ZFPM1,0.5582048258758672
LOC407835,0.5580823223276478
CXCL13,0.5579889860431656
C17orf96,0.5578866676849409
VCAN,0.5575066329334579
FBXO2,0.5565503161629418
PDXK,0.5564274834312499
SRSF12,0.5556923926161136
IL10,0.555426141361584
ZNF446,0.5550635315777608
LINC01089,0.5549958020783086
LOC101927187,0.554737989933978
FLJ45079,0.5532096837725836
LIN7B,0.5530644173764316
ARSJ,0.5529010676456749
CRX,0.5525385761030416
CLDND2,0.5524266622357814
PDCL3P4,0.5515955997765245
CCL3L1,0.5512628047451942
RAD9B,0.5505058378910488
PDE9A,0.5502609613328834
C19orf81,0.5495924360509268
LOC441124,0.549525240055723
RBP5,0.5493666549719508
LOC101927278,0.5492753008827748
WNT6,0.5492397083927831
LOC390956,0.5490143851436942
FAM86FP,0.5479633760987311
MXRA7,0.5479157712497845
S100A12,0.5477393544486596
RGPD3,0.5472213379042464
RAB36,0.5467874948980346
LOC102724984,0.5463417530444098
ECI1,0.5457850054158627
LINC01061,0.5457775467616095
MT1A,0.5453816752581283
CDC14C,0.5452037444968091
SYP-AS1,0.5446533421634718
SCARNA5,0.544397595456245
FITM1,0.5443556009152724
VIT,0.5442899879331177
SCGB3A1,0.543900509494287
RPL23AP32,0.5438273839398966
LOC100996756,0.5435441130485059
LOC101929531,0.5431506408952482
ANKRD37,0.5431500336084975
LOC440292,0.5429203155708656
ZBED8,0.5424712743150805
DRD4,0.5423228683788566
CLECL1,0.5422385818020777
TCEA2,0.5421805192293395
EPB41L1,0.5419200991573266
LOC101930071,0.5419089073922289
ADIRF,0.5418290931702133
LOC440311,0.5417836232841898
HOXB-AS1,0.5416997552812228
LINC01170,0.5416782661273869
HPX,0.5414997720650395
PPP1R14B,0.5413475516680324
H2BFXP,0.5410643337486948
PRPS1L1,0.5409251714357255
LOC101927486,0.5397222385426595
BOLA2B,0.5393737827022212
CTLA4,0.5393131022695407
S100A5,0.539188844967994
IZUMO4,0.5390015717337856
CCDC61,0.5374422442867975
LOC101929719,0.5373731242709532
RPSAP52,0.5368459648447792
HLA-DRB6,0.5366613000112179
NPIPA1,0.5365297339852467
C17orf67,0.5365134744027538
DDTL,0.5362097761634116
LOC102725436,0.5360363040408778
LOC102723407,0.5355740140962568
LOC101927507,0.5355228998487965
SLX1A-SULT1A3,0.5353472596558063
FLJ42351,0.5343038142632731
GPR97,0.5337552148715982
NACA2,0.5337458293589159
KLRC1,0.5336815033138711
EGR2,0.5334588929906411
TAS2R43,0.5333715160621254
LOC284412,0.5333204249899384
LOC642131,0.5332045145704626
NPIPA5,0.533123309832055
LOC101927322,0.5330363188427828
ANP32C,0.5328947302205986
C10orf10,0.5321500935577266
MYBL1,0.5316224171810707
DBNDD1,0.531565210201582
MT1IP,0.5314231741547355
PDXP,0.5313735828538
MIR4674HG,0.5312879232603251
LOC100996740,0.531071169186744
RPL31P11,0.5309701032392017
BCRP3,0.5309129851770877
SHB,0.5306513642475511
CXCR6,0.5304096059460434
WDR17,0.5303304207671576
IGFBP2,0.5298479016468194
SMARCD3,0.5296025067192779
HES7,0.5288923605385084
LOC101930085,0.5284429792210614
MAGEH1,0.5282574942666077
LIMS3L,0.5272236372886385
RN7SL1,0.527127156734437
APOC1,0.5270542066499723
CHSY3,0.5269542209539401
RFNG,0.5268703207893696
HOXB-AS3,0.5260853553674069
RPA4,0.5257983934590351
CACNA1C,0.5251414123009219
LOC102724733,0.5249186468452509
DNAJC12,0.5245669786281679
CAPN3,0.52385513024723
CEBPD,0.5236552293269147
OSBPL6,0.5236282003368539
LOC102723885,0.5235632007899919
UNC5B,0.5234788503629706
RTEL1,0.5233373809279057
LIN28A,0.5228071065558273
WASH3P,0.522538153726593
OSTCP2,0.5224662772721318
PM20D1,0.522331082187563
CXCL1,0.5218808939922367
SKP1P2,0.5216639124226063
CALY,0.5216523796499171
LOC102723757,0.5215710907237823
CLEC18B,0.5215512801218769
LOC101927632,0.5213079979279149
GEM,0.5212796276097968
B4GALNT4,0.5211585107942515
APOE,0.5203669021092806
GUCY2D,0.5200804661377211
LYZ,0.5199788789830141
MT1H,0.519917787070993
LRRC34,0.5196412426844081
KCNQ2,0.5194913123827652
LOC102723927,0.5192989060620249
IGBP1P1,0.5192883759746252
NLGN2,0.5189471328467653
GeneID:101928965,0.5189323139149289
KCNK12,0.5185722080065411
SAP25,0.5178896460764599
MS4A7,0.517417655624627
CGA,0.5170753837984159
LOC100129534,0.5169611112559014
C14orf183,0.5159197313004718
CDYL,0.5155812535975591
LOC100996717,0.5155800484833526
C7orf55,0.5153343915333345
MYC,0.5152709054737021
LINC01356,0.5150309950455088
GTF2H2C_2,0.5144812160797242
NT5M,0.5142984904016759
NACC2,0.5131118525634599
SCGB1A1,0.5130926237082084
IL21-AS1,0.5130192687659098
LOC102724362,0.5128559143055055
MFI2,0.5124605536039643
LOC100506860,0.5124321449757007
NCR3,0.5116399294769437
HBB,0.5113317305049526
SUSD2,0.511140762470045
LOC100996693,0.5109628161008888
LYL1,0.5107153543173495
LOC102724149,0.5105938927104946
LOC644936,0.5105890244842277
CCDC102A,0.5101984837665479
HLA-DRB5,0.5100449196766598
LOC101929289,0.5097674549006534
TENC1,0.5091655400835288
BLACAT1,0.5088678480236641
KIAA0101,0.5084470238454151
PPP1R2P3,0.5082952995884404
MEX3B,0.5081639288969149
RPL13AP6,0.5081511787129354
CDC42P3,0.5078721947741224
GP1BA,0.5078369087652947
NAALADL1,0.5076431899673475
RNU4-1,0.5074632850511231
SLC25A30-AS1,0.5070061877865939
ATP5L2,0.5069946999455568
PDE7B,0.5069758887181877
LOC101930543,0.506964700736808
KLHL17,0.5068908089795077
LOC101930129,0.5067469591128095
HES6,0.5066634278607511
CISH,0.506403467983449
ACTA1,0.5059009509671607
ELK2AP,0.5056149884333252
LOC100335030,0.5052769226827178
FXYD2,0.5051145510430833
LOC101060400,0.5048296947738197
PRR4,0.5045700385398929
LOC730257,0.504531466371918
LOC102724486,0.5041058018723229
PRR5,0.5036668863190683
CAPN10,0.5036511205117838
TMEM88,0.5033628201131435
LOC100996351,0.5032428942228618
UNQ6494,0.5028088383825083
LOC100499484,0.5026910786708241
SLFNL1,0.5025537017998208
METTL8,0.5023792194245612
NCF1C,0.5020262127172096
SPTBN5,0.5019674511025572
DPH3P1,0.5019414735131562
FXYD5,0.5018527807966803
TAS2R20,0.5017707053301509
LOC101928572,0.501607063307173
TNFRSF18,0.5013295228568052
ZNF286B,0.5012911635229721
CPNE7,0.5011609497032475
MAP2K4P1,0.5011445652580581
RNVU1-6,0.5011199777120844
HSPA7,0.5010356126231554
LOC553103,0.5004914586272525
RPL13AP20,0.5002003114537262
BREA2,0.5000414818471737
DNLZ,0.49993635928089136
NMB,0.4994867499944304
LOC101926889,0.49947905202000903
MT1G,0.4993389712094773
WASH7P,0.49880177689000654
RPL23P8,0.4986568803522962
RNU2-2P,0.49856452925340766
RASA4B,0.4984679682951971
LOC102724017,0.4981701324540457
LOC101929336,0.4972945578624027
LOC102725214,0.49670725150779654
SNORA2B,0.4963868982874226
C10orf131,0.49617335469862717
TAF10,0.4961537701738767
LOC100507424,0.4951650780196613
SERPINH1,0.49462561157748713
CALD1,0.49460656528663266
LOC102723795,0.4945201650303448
FAM86C2P,0.4942901301063243
LOC285074,0.4941534470746229
TBC1D3P2,0.49391236416679135
PTCH2,0.4934832039846607
CYB5D2,0.4930579495455119
CYGB,0.49264400653154494
ZCCHC24,0.4923815654811158
DERL3,0.4921995662769377
SPATA33,0.49216289590025974
C12orf60,0.4921311121954743
LGALS12,0.49199705884783423
PVT1,0.49183128990233405
LOC102724105,0.49171382815844805
LOC102724971,0.49155874632464763
GAPDHS,0.4913235598684695
TMEM183B,0.49131550811640823
LOC101928605,0.490918603184928
LINC00384,0.49074864471759055
IL2,0.49072663672141376
CD200,0.4906141463101121
RAB24,0.4903897581123521
LOC102724850,0.4903669025633267
USP12-AS2,0.4901674079197397
LOC100129138,0.4900900602089436
LOC441454,0.49007455926192434
ZNF331,0.49007259835003253
NTN5,0.48993260172722797
ARHGAP44,0.48992920300246806
SYCE1L,0.48990956550566456
LOC102725367,0.48927990752169254
DLK2,0.4890814723191661
LOC100499484-C9ORF174,0.48868739287915763
LOC100996732,0.4883161812852582
HHIPL1,0.48820964786509913
SLC25A53,0.487932447949358
EFNA3,0.4879075402062423
LMO1,0.4877529843092541
SPATA4,0.48770903074824873
TMEM161B-AS1,0.48763066758211454
CCL3,0.48753717427333243
SYNGR3,0.4873955638947693
ZNF525,0.4871137847342292
FLJ13224,0.48594647460089946
LOC101930279,0.48588413169709016
FBLIM1,0.48576511531804056
SNORD97,0.48567281813713453
CTU1,0.4854636835258247
LOC100507316,0.4851537005307618
RASSF8-AS1,0.4849835448371197
LOC102724594,0.48494829761140235
LOC101059954,0.48489113225281244
IFI27,0.48462827120967705
LINC00174,0.4844388814581711
UBE2NL,0.4843914355253835
LOC101927848,0.48416344191726385
LOC102723997,0.4841316473342889
OTOF,0.4834526860849197
SRRD,0.4833502367154566
ANKRD42,0.48304879120726274
LTA,0.4828923571672156
QRICH2,0.48268419544441554
RGS16,0.48234434567073636
RASD1,0.48227810080766337
GIPC1,0.4821289064391859
HRAS,0.48204465675365826
SERPINA1,0.4815722694843924
LOC101929523,0.48147240297547955
TPD52L1,0.48090255706089013
SLCO1A2,0.4808424214836122
NENF,0.4807116211875862
LOC728026,0.47994051363306917
LOC100653061,0.47949581419377385
MIR636,0.4793966386863742
GNG4,0.47930669166735684
C19orf83,0.47879447272496234
HIST1H4J,0.47876334691415695
SERF1A,0.4787466767982529
FER1L4,0.4785648043486302
PPIAL4B,0.47836366662546953
TSC22D1,0.4778657534481477
LOC102725330,0.4778481998340734
IFNL1,0.4774759434610208
RRM2,0.47670594879258227
TRNV,0.4766261601106638
TEN1-CDK3,0.4763680443229578
REG4,0.476208553038707
LOC102724995,0.47576158904414445
CHPT1,0.4757608029767146
LINC00907,0.4755846141446037
SGK1,0.47524670967497923
OSM,0.475119817013794
MAP2K2,0.4749998007872434
CHKB,0.4748385202773084
LOC102724428,0.4744324388835695
H3F3A,0.47442817321440595
RIN1,0.4742164571614402
HIST2H2AA4,0.47417589097404045
TSR3,0.4738890728469555
GAS6,0.47369920871179594
SLC10A1,0.47366266461670875
SENP3,0.47353780759584735
HES1,0.47351044611156073
LOC100653296,0.47349851037289664
LOC102723554,0.4733249597382127
PPIAP30,0.47314414247296793
LINC01480,0.47283939188703644
CD70,0.4728024216507012
NEDD8-MDP1,0.472496122578148
KLRF2,0.47190244491527017
MIR181A2HG,0.4716567278987276
LOC102723354,0.4715063780773433
LOC102724156,0.471340179206877
MESP1,0.47126576198572917
ASB2,0.47122497350489256
CST7,0.4711700594585566
SNORA5C,0.4711551572849226
GRM2,0.47076046772037466
HIST1H4I,0.47062597262364947
LINC00152,0.47062122642229054
FAM89B,0.470577878256177
DNPH1,0.4705277506132045
ZNF414,0.46973513640515546
RPS10P7,0.4697170894888372
LOC100505585,0.4696654053188421
ALPK3,0.4695684272057139
CSF2,0.4687971990451833
LINC01260,0.4687210512459814
UPK3B,0.46786023693854467
LOC285819,0.4676571198578666
ZNF771,0.4676277359762695
CIB2,0.46719755560915316
ARL4D,0.4668770860394485
MIR4435-1HG,0.46669516960410323
LOC102724336,0.46650104689425154
LOC101929918,0.4663976747705432
FABP5P3,0.46636161309951046
LOC101930333,0.4662372621509414
SEMA3E,0.46613374813780534
EDARADD,0.4658253585610163
RAB12,0.4657573604175808
CTAGE11P,0.465580242209718
FLJ33544,0.46556380242765166
MRGBP,0.4651470325033188
MSH5-SAPCD1,0.46512168395704745
RPS26P11,0.46509683533452667
LOC90834,0.4649209085248924
LOC283683,0.46472907780226397
SCN1B,0.46457589019232426
C2orf50,0.4644609323238737
LOC101930405,0.46437808166810385
CA13,0.4643047773330345
TEPP,0.46421900328208787
LOC101930233,0.4639070612669922
RPSAP9,0.4638416705782744
NCF1B,0.4638366226253991
TXNL4A,0.46375402878949357
LOC102723437,0.4635489848503863
SH2D1B,0.4635378290306102
METRNL,0.46309157826690456
CD81,0.46308391481891065
C8orf82,0.46303270597849855
MT1E,0.46271227046225655
PCDHB9,0.4622917087794488
LOC101929229,0.46117590498136474
HIST2H2AC,0.46101446839305915
LRRC3DN,0.4609074601162818
ANKRD28,0.46048330011758587
LOC102724614,0.4604224896195965
RPLP0P2,0.46026136045838445
UBE2C,0.4601243009467347
LOC389834,0.459835820348521
GOLGA8S,0.4598161440686072
FAM24B,0.4596207670562141
FLJ31356,0.45938860757449507
KLRC2,0.45892804395124537
DYNLL2,0.4587396337097558
SERP2,0.45860314743139424
TNFSF9,0.45841293897789
METTL12,0.458096817373217
RBFOX1,0.4579714637393584
INO80B,0.4579581360654078
THAP3,0.45767801606524317
TCAP,0.4572296539868523
SCHLAP1,0.45710601437728116
LOC101929786,0.4570881750924922
ID1,0.45689804278631424
C1QB,0.4568539071338765
ARID3A,0.45670861850838085
LOC101928812,0.4563898993812501
BMS1P20,0.456321973128458
DDAH2,0.45630432823218514
CCDC144NL,0.4562867296864587
LOC101929500,0.4562393187530633
LOC101928173,0.4560743335101692
ZCCHC12,0.45590124023240747
PKD1P1,0.45573279288747576
FUNDC2P2,0.45567022816319436
C11orf96,0.4555468903051396
PGLYRP2,0.4553775656105795
LOC102723694,0.45513720208214675
WNT10B,0.45485711897323333
ARHGEF33,0.4548365416954532
LOC101559451,0.454695503131284
GLRX5,0.4543979662038604
CRIP2,0.4543592549842464
ATP9A,0.4542586071375513
IGJ,0.4540180052348799
LOC101928659,0.4538461719352368
GRM4,0.45364539508418744
CD8A,0.45339296054916944
LOC102724630,0.4533917615835048
SIRPG,0.45249405366002377
MEF2BNB,0.45222010395810813
MIR600HG,0.45216655488806734
NPIPB3,0.45203279903526083
CD177,0.4519310288431921
CYTL1,0.45182377462473994
LINC00623,0.4515885569528877
TSPAN12,0.45146262772091705
SNHG9,0.4508677539301631
IER5L,0.4506604019230308
NFKBID,0.44934005458255477
UBXN11,0.4491922176229363
SRRM5,0.4490693082709534
DTX2P1-UPK3BP1-PMS2P11,0.4481350789546937
SRM,0.4480859459566099
KLRG1,0.44799950597128224
PSD,0.4477315302872405
UBALD2,0.44739278819702744
HLA-DRB3,0.4471923712721599
NCF1,0.4470700914362715
TFAP2A,0.4468110538402498
NPIPB4,0.4465836509651145
SNORD35A,0.44645136603270924
ANKRD16,0.4464103240427617
LOC102723539,0.44583807641312484
PTTG1,0.44580327093649263
IFI30,0.4457595505471135
ALKBH6,0.44552768808726334
OSTCP1,0.4455240297048506
IL1RL1,0.4454923836328101
CBWD1,0.4451903809721298
PLN,0.4449135646308084
FAM20C,0.4442218087387724
UBE2S,0.4437492332295323
LEMD1,0.44370433941458554
GPR161,0.443478643942231
PAM16,0.4433062724086919
P2RX5-TAX1BP3,0.44324608149453715
MYL5,0.4430900480556411
SPRY1,0.4429036904812066
TMED10P1,0.4422954374633433
FAM50A,0.44194665007460887
ZNF296,0.4416297991582771
ACP5,0.4410855841499202
RNF220,0.4410204564296086
DUSP4,0.44089789517968847
GNG12,0.4407158113148184
RMRP,0.4406642931554538
RNU4-2,0.44065643484597905
LYST,0.44065148432384416
CHMP1B,0.4405333977935112
ADAMTS3,0.44047561426998094
PPP4R1-AS1,0.44033184291543287
KIR2DL4,0.440292227860164
SLC2A4RG,0.44015608826497093
LOC613037,0.44006834289690777
LOC101927271,0.4399801406448872
SPSB1,0.4398696210777373
ABCD4,0.4397464624733263
MMP24-AS1,0.43973267271280597
ARL16,0.43929937929164437
TCL1A,0.4392084939105447
CLCN1,0.4392082522255527
PTTG3P,0.4390707386677341
LOC101926969,0.43888509385119173
HIC1,0.43857643515745476
LOC606724,0.4384606562221821
ANXA2P2,0.4382942203963714
P4HTM,0.43783131748942256
BEX5,0.4375259634004583
LOC100130373,0.4375026452918984
NPIPB11,0.43731619217858253
HLA-L,0.43710215150382514
LZTS1,0.4369016016758602
CCL4L2,0.43667753083745364
EIF5AL1,0.4366265003047558
MBOAT4,0.43661837997280445
C1QC,0.4359607754471386
LOC101927906,0.4357496912750912
YPEL3,0.4357470374698271
FAM173A,0.4350741590202265
CCL22,0.43486964243682585
GTPBP6,0.43453601971716677
SPON2,0.4343826145434378
ZNF559-ZNF177,0.43427937484986207
S100A9,0.43418738273122576
LYG1,0.4340493441825244
RPL19P12,0.4340008293493809
DUSP5,0.433893038315927
HIST1H2BJ,0.4338617289947951
NMT1,0.43342363923801003
RNVU1-4,0.4333049492046443
LOC101060038,0.43326621528272186
LOC102723588,0.4330560992695366
BLOC1S4,0.4329915112020152
LOC100506248,0.43275028120214354
RBM38,0.43206613578604836
RNF126P1,0.43197493777524276
TOP1P1,0.4317748675335437
TIFA,0.4314275633622942
MAF,0.4312881773369938
ATP5EP2,0.43119557131009995
LOC101929240,0.4310608141908982
LOC101927039,0.43030471901080414
LOC101928910,0.4301962473810617
POTEM,0.4301555866007101
GLI4,0.4300221528369047
HLA-DQB1,0.42964737366982636
KLK14,0.4295800130828863
LOC101929687,0.4290768689153273
CFAP20,0.4289818157687692
PPP1R35,0.42869511351805023
C1orf192,0.428590250136456
SNURF,0.4283679339973062
CD40LG,0.4280700603189741
LOC102725277,0.4278463664334807
LOC102723346,0.4277127368622649
GYPE,0.42753987722909426
LOC441528,0.4272037099590305
VTRNA1-1,0.42716606905866666
HLA-DRB1,0.4268509960168648
LOC642441,0.4265513250724476
LMO4,0.42646255289789214
FAM159A,0.42631211037541505
CLIC3,0.42617014243549395
COPZ2,0.42587037264144206
IL22RA2,0.4258169228940007
LOC100129617,0.42578756218767677
LCNL1,0.42560438199049483
LOC102724440,0.42542894186159774
SMIM4,0.4253474561821231
SNORD116-26,0.4252120903572762
ZNF716,0.42479785174033474
TOB1,0.42477275623020966
NDNL2,0.4244889475778877
LOC102723571,0.4243925171579507
LOC100996747,0.42427272558966067
KRTAP12-3,0.4241685404395312
LOC101929796,0.4236324755599055
SNORA78,0.42316596818852653
ZNF433,0.4231229988671851
MPL,0.4230987906389483
FLJ42258,0.42225458827275025
PLAC8L1,0.4218967923242466
LOC102724217,0.42114526125407914
PTPRA,0.4210482557089949
TMEM191B,0.4209296791871714
BCL3,0.42063819478977177
LOC102724667,0.42049938105183005
LOC554223,0.42013249235583006
LOC100996318,0.41996974754700045
IL4,0.4196379079044837
U2AF1L4,0.4194546596003764
SRRM2-AS1,0.41895794302389544
LOC649330,0.4185290727691622
MYH15,0.4182735890303414
PLGLB2,0.4180225137960415
MAP1LC3B2,0.4177788660003206
SNORD3A,0.4175746946811942
SCARNA21,0.4173768487927578
CEBPB,0.4171857483277177
MTRNR2L8,0.41709828579258057
SMIM24,0.41703734144556437
LOC101929561,0.4165003287445611
AARD,0.416478737903302
TYMP,0.4163498720331413
C19orf18,0.41577667469026786
ADM,0.4157398737753164
ADAMTS13,0.41556366082200275
ZFAND2A,0.4154407779560464
LOC100287632,0.41498006771372137
PHLDA1,0.41490346728724486
MKRN3,0.41470722758713086
LINC00861,0.4146772770937522
LOC101930438,0.4145857253053067
ZBTB20-AS1,0.4145748802233774
SNORA52,0.4145692103218437
LOC101928701,0.4145383138989465
RAB6C,0.41452799522679423
LOC100240734,0.41452283754609476
RTDR1,0.4141517645308698
RNU6-9,0.4140700565579583
PLA2G2C,0.4140626556054058
ZNF32-AS1,0.4135355534079676
TMEM191A,0.41353358776642823
HLA-J,0.4133177654334228
SFN,0.4132173502853892
TMEM259,0.41309146551210596
SNORD3C,0.4130786869502409
XRCC6P5,0.4129012163836325
CRTAM,0.412601673612665
SSBP4,0.41238191621286263
AMICA1,0.4123261040064489
MBOAT7,0.41197306040784604
LOC101060389,0.41141444693332374
C15orf48,0.41135271557294817
NACAD,0.4106834203043635
HLA-DRB4,0.41036716106694554
SELM,0.4101760099946762
MRPS24,0.4086589916102257
LOC102724084,0.4086305148750368
LAG3,0.40857260932659867
KCNJ2,0.4085045066579514
CD8B,0.4080260356429875
HMX2,0.40787473610836666
PIPSL,0.4074843457934802
LGALS1,0.4073989316687153
LOC100996809,0.4069326603067512
CCDC183,0.4066464385882276
SNHG15,0.40644494661446223
AREG,0.4061678427105672
LOC101928349,0.4057946162867935
MIR155HG,0.40545461421846185
TIAF1,0.4052549407941958
DMTN,0.40486833372441844
CXCL2,0.4047683423528091
MIB2,0.40455180868080576
HLA-DQA1,0.404339566218063
LOC646513,0.40423357245069425
THNSL2,0.40400088939698675
HNRNPA1L2,0.40389794341452645
RPP21,0.4034688499204269
TPTEP1,0.4033558075592512
DDIT4L,0.40333518440388944
DNAJB4,0.40286489094961275
OTOA,0.4028155205232198
RPL39L,0.4023701726492395
SMIM3,0.4023244024305939
SLC7A10,0.40230061703285186
CHCHD10,0.4021457773570081
POLR2J,0.4007425930767403
ICOS,0.40070313646466577
IGFL2,0.40066373991911564
LOC102723408,0.4006422701568348
TUBB2A,0.40052793612890164
MIF-AS1,0.4002217075280976
JUND,0.40013396688968206
CLTB,0.3998909623260337
LOC101927180,0.3993629439958569
HCRT,0.39925487438615986
AGTRAP,0.39887032991569754
GRAMD1A,0.3982545893927308
KLRC3,0.3977862502288393
KLRC4,0.39651123135792377
TTYH1,0.39648107559783957
SUMO1P3,0.39634978152660494
LOC643733,0.39590164410647466
LOC100509764,0.39540533853636944
ANXA2R,0.3953156573235468
HBA1,0.39442666708650803
LOC100506321,0.39439380927875434
LOC101929910,0.39386577439481096
A1BG,0.3938192881075198
SNHG7,0.39303514895499153
IGFLR1,0.393000672188867
WIF1,0.392969119290884
FDPSP2,0.39284758721228
SNORA21,0.3927452802052095
FABP5,0.39266859086135825
ID2,0.39265037509662104
C1orf228,0.39202566526996013
SUPT3H,0.39125816170690847
H2AFB1,0.39122123545629583
IER3,0.3910508976712214
HNRNPCL1,0.39104497094982343
MT1F,0.39094592456180305
LOC401127,0.3908996667164907
SNF8,0.39076013312618535
KLRB1,0.3906372015448588
LCN12,0.39055659179611824
JAKMIP2-AS1,0.390555401816784
TNNT3,0.3899662802234319
LOC102724147,0.3897153960668947
GeneID:257357,0.38964579268106636
LOC100506674,0.3893347057862554
MTRNR2L10,0.3892564206593065
LOC102724738,0.3892298641610401
BAG3,0.38885130600553547
STK31,0.3888425921028113
LOC102724238,0.38761153672516113
IFITM3,0.3868635968764106
KLRK1,0.3867445648895239
NPW,0.3866517753523035
SEPP1,0.3859405772979095
NDUFC2,0.3854116570239368
H3F3C,0.3853856936234785
CMC1,0.385380687291502
APOC1P1,0.38520877879046217
STUB1,0.38517284765770293
BLOC1S1,0.3851333267224211
H2AFJ,0.3845781975792801
H1FX,0.3845773888095418
ITM2C,0.38395178082280307
LOC101927603,0.3837631407204405
NEU1,0.3831783826999571
PMAIP1,0.3831082751336954
HS3ST3A1,0.38228523888640276
IFNG,0.38214187948415995
HSPA6,0.38185733915535547
MSANTD1,0.3818257829466192
TPGS1,0.38146404341795304
GNB3,0.38092449373398124
GNAZ,0.3807918285379096
ETV3L,0.3807646288075706
GRK6,0.38061169849045995
TTC39C,0.37953914968443186
CAPG,0.37941477272280105
TMEM31,0.37925865178542456
PROKR2,0.3792458207244712
DNAJC22,0.37909367789368464
LOC729652,0.3790344627058282
HIST1H1E,0.3787821785736037
LOC101928609,0.37870221820547756
LOC101928356,0.3785827681177437
GOLGA8R,0.37850598465390545
MIR650,0.37820382307706607
SRSF9,0.37807236630595425
SNORD15B,0.3774626877723066
LL0XNC01-116E7.2,0.37682615004294673
SLC22A14,0.37675898810120556
HM13-AS1,0.3764528186209964
STMN1,0.37552493743773513
FLJ46026,0.37545166621019893
CST3,0.3753833332077139
PIM3,0.3743265757490672
PTF1A,0.3743041647869155
SAMD11,0.3740602242260087
NT5C,0.3738448166830971
OR2L1P,0.3734473588558133
SOCS1,0.37344392891537936
C4orf48,0.3733049193700273
C5orf56,0.3731726628155076
LINC00882,0.3725995354714186
MT1X,0.3722990396764612
LOC101927212,0.37221196260760286
NOXO1,0.37192593906131344
LOC102288414,0.37148377234830376
DGCR6L,0.37097528509785965
LOC441455,0.37078141447822466
SMPD5,0.37047241383096674
HNRNPA1P33,0.3704446266783968
LOC401052,0.36874736378902495
LOC284454,0.36869855571773075
LOC102723977,0.3686375321491174
GUCA1B,0.3681826131237868
IRF7,0.3680714063388417
CTF1,0.36780238161896395
PDCD1,0.36729003166533114
CDKN1A,0.36721000981178636
CKS2,0.3671226234239755
SRGAP2B,0.36696628539577447
KCNJ6,0.36650547441195575
LOC284600,0.36627109388772733
RHOB,0.3662082368712248
CD83,0.366011267859452
LOC650157,0.3654088805505328
LDHD,0.36531729896530746
LOC102723817,0.3642411996128318
FBXO47,0.3641399340741611
LINC01285,0.36399384708415183
IFI6,0.3633383515083474
HLA-DMA,0.3629858759404204
CCL23,0.3629547208058
TMEM107,0.36290805715672414
APOD,0.3626326800471651
CASC2,0.3622497869331597
MT1M,0.36200803454371144
LOC101929426,0.3619105730605993
RPS18P9,0.36178297662785236
SYT3,0.3616532379012285
STRA13,0.3612201807259641
CBWD5,0.3607218522855837
LOC101928203,0.3606857139942599
SNORD104,0.36060630321118403
SOCS3,0.3604327667654429
TDRD12,0.36032939842545264
PHPT1,0.360025803292428
SDS,0.35957083058559725
EMID1,0.35911812810961086
IL7R,0.3589714905886218
ZNF732,0.3581089740810166
OR7D2,0.3570895884057858
ISG15,0.35644466264642083
SGCA,0.35602992268683453
MTRNR2L2,0.3553184654477525
ODC1,0.35525848452995085
SLC2A12,0.3550234106393854
LOC101929666,0.3540734065295108
NPIPB6,0.35395254038528784
C10orf90,0.35368540988927083
TNF,0.3530799388501214
HLA-G,0.35297029805149416
LOC100996919,0.35294739993564045
LINC01419,0.35239347283243505
CALML3,0.35203876463436207
SLC4A1,0.35147846125675497
SLC16A8,0.3507509449722378
GRIK1,0.3504158026168073
SUGT1P1,0.3502143248319848
H2AFX,0.3498857354032935
ANK2,0.3497576697895054
LOC101929124,0.3495732944103769
UGP2,0.3486082329944272
SERTAD1,0.3484309085739294
SPNS1,0.34837268708503205
RBPMS,0.34836851506289085
FBXO27,0.34824894578803767
SNORA70G,0.3480756562299009
BATF,0.3480534335077234
BRE-AS1,0.34802201067504923
GNLY,0.34788001010055974
LOC101060458,0.3477145471632588
LOC285847,0.3476999353899869
RGS1,0.34744402550991804
CXorf58,0.3473951568991347
GeneID:102723863,0.347204297173157
TUBB4B,0.34693538123517387
GCHFR,0.3468299001616041
KMT2E-AS1,0.34675349223178464
KRTAP5-9,0.346038302591305
BAX,0.3457058554255551
RNA45S5,0.34555007029315765
SNORD117,0.3452917998459754
RGS2,0.3449222176156716
NME3,0.34458430463268147
LOC101929451,0.3445661356914554
LOC102724065,0.344384620330226
LOC389607,0.3443494416843987
LOC101929410,0.34399793758608715
HIST1H4C,0.3432244902749062
DUXAP8,0.34319356358226444
LINC01205,0.34279911806753227
LOC102725292,0.34254782952612595
DUSP2,0.3410697096553342
CARD16,0.3409647214110435
PLCD4,0.34072903219332634
WFDC21P,0.3400176676553371
NPIPA2,0.33951126949023447
TIGIT,0.33925690242121026
SLC38A2,0.3391882057088254
ATF3,0.3391868851912176
LOC100507387,0.33824694529845484
FERMT2,0.33799103352652693
DPY19L2P3,0.3378320440578857
LOC101929330,0.33768052412168703
DNAAF1,0.337465311913221
VSIG2,0.3371040193362523
APOOP5,0.33708727732970484
LINC01251,0.3370555224757697
TP53TG3,0.33645871780638614
C17orf98,0.33607605951938363
CYB5R2,0.33598613543915706
NUTF2P4,0.33540989645991703
RAP1GAP,0.33431159188495996
LOC100293211,0.33334794889032326
TPRG1-AS2,0.3319841502774162
LARP6,0.33153286149309513
LOC101930378,0.3314961007801482
CITED2,0.3314822490612444
TFAP2A-AS1,0.33146093892456985
LOC102724118,0.33111023035298337
HSPH1,0.33067004465286776
ZNF676,0.33004468639152196
LOC286297,0.3299396196350813
PGAM2,0.3294633341902698
NDUFC2-KCTD14,0.3289972435008437
NPB,0.32893457377838575
CCL1,0.3284334233937693
RHOBTB1,0.328391696314368
RNU6-31P,0.32770018399918294
FOSB,0.327173450714257
LOC101928058,0.32685514117460773
ANP32D,0.3264982485887942
MT2A,0.32617109697297103
AQP7,0.32575778962364055
RGCC,0.32536777909945575
LOC101929109,0.3248931130859799
TRH,0.3244754345963445
TCEAL6,0.3241892876062529
LINC00637,0.3240317808821318
LOC101930461,0.3232760215070168
DDIT3,0.3220399824996985
CCL19,0.3219648657636718
HIST2H2BA,0.32055740824680423
SERHL,0.3204239371187828
KRT85,0.31980912502563846
SKIDA1,0.3186152181920378
EGR1,0.318122583301429
EPYC,0.3179065192834316
FZD8,0.3171711063792942
RNF103-CHMP3,0.31701193481922063
TIMP4,0.31564600691896744
LOC101930240,0.31530004691356367
HSPB1,0.31470473468447785
LOC100128770,0.31464959195968084
CLEC18C,0.3145522891562454
MZT2B,0.31427410973048786
LOC102724497,0.31358085406720027
TPTE2,0.31346051764350763
ANKRD18B,0.3132828694786321
LMNA,0.3116729634167737
MIR6789,0.311582142831846
HNRNPCL2,0.3107680758882475
TINCR,0.3107132110302465
GADD45B,0.31056293972101223
C1orf229,0.3103511758986058
MGC16142,0.30951871582848534
LOC101927904,0.30879594006975
RARRES2,0.30708637442106085
GPX1,0.30607883840490796
MS4A15,0.3058110793387259
PRR5-ARHGAP8,0.305489368709493
PAPOLB,0.30501701738554887
MRAP,0.30462170634530733
FAM95B1,0.30303258873999406
ZBED3-AS1,0.30273623895411617
MFAP2,0.302665505655478
NFKBIA,0.30222260490116204
DLG2,0.301548631065179
PLCH1,0.30149934908319603
SUMO1P1,0.30088732677268404
MGC39545,0.3008402279960297
TRNP,0.30024794250492065
PCDH17,0.2996497584338168
HSPE1,0.2993285581335591
STRC,0.29920591931741847
GH1,0.29797645310135934
HSPA4L,0.29787582890290215
LOC101929440,0.29753564994575055
CORO1B,0.29566228761460733
PPP1R27,0.2952086358983491
FAM86KP,0.29324669909191975
LOC101928671,0.29287556269941706
CD7,0.2927631460706179
RPS14P3,0.2923645857624803
SNORA11,0.29148107245735355
ASPDH,0.29138662612458155
HUNK,0.291017634627262
LINC00086,0.2910009763354769
TRPM3,0.290889458812685
LOC102723746,0.29054948015610893
CHMP4C,0.29039470740477863
LOC101930591,0.28933944002160594
TOMM20L,0.28906816848263944
LOC101927418,0.2888561147328356
SAT1,0.2878460592334102
DUXAP10,0.28701913521579664
SNORD76,0.2867031453318091
RGS4,0.28584754191360723
TUBA1B,0.2851037315201696
CECR2,0.2848824771869043
TUBB8,0.28446717771000785
GOLGA8H,0.28437140140033285
RNF216-IT1,0.2827949630342852
MAP1B,0.28277540570500836
ABCC9,0.28169328054501763
LOC375196,0.28165654868292106
LOC102723360,0.2815770130371487
RUNDC3A,0.28136874253245403
LOC101927823,0.28083630907624973
RCOR2,0.2802201204191736
LOC100505774,0.27895276192198104
TFAP2D,0.2779582631794165
ZFX-AS1,0.2756439643166024
NR4A1,0.27528908892548704
CIDEC,0.2749150475834331
LOC644554,0.27490665009413284
TUBA3C,0.2747832900067344
CASQ1,0.27407629377126147
LOC101929908,0.27340887049719387
GRIN1,0.27278210942237213
GGT3P,0.27175605116031804
CA9,0.2717129399495488
LOC101929159,0.27127079499291806
RN7SK,0.2705423848050059
TNFAIP3,0.2698599101369228
DNAJB1,0.2692964665097967
LOC101930630,0.26905328080064567
LOC102724951,0.2685092027155866
LINC01006,0.26805552900646706
INTS4L1,0.2678443947001552
RASL10A,0.26747411839406715
TENM2,0.2662663666995517
TRPM2-AS,0.2660439285354941
DEFB1,0.2654944224703756
HBG2,0.2647651358787646
SCARNA9,0.2645145014476203
LOC102723520,0.2642475213543967
LOC102724396,0.26368249873442196
ZFP42,0.2635045608786314
FAM47E,0.2629484616847692
LOC101060216,0.26253917264403315
JUN,0.2623128564054321
PERM1,0.2606717483854421
OR2A20P,0.2599202272475346
LOC339529,0.25928901983101127
DCTN1-AS1,0.2590087385498637
GGT8P,0.2589441502458599
MIR7848,0.2583104997298728
MS4A10,0.25816934954602044
SNORD12,0.25756374323894987
LRRC37A6P,0.2565594250385364
LOC100506737,0.25603522850009663
BVES,0.2552437501169169
LOC100288123,0.25509736397669736
LOC102725365,0.2542214665866062
LOC102725352,0.2542106730578357
WDR72,0.2536783845653301
HBQ1,0.25332886124343024
CTAGE15,0.25330978373690166
HSPA1B,0.25314359148794197
CELSR3-AS1,0.252811195402386
SCARNA3,0.2524353787871083
BOLA2,0.251870915211479
LOC101928880,0.25082644774210106
FTH1,0.2507324925832315
RNR1,0.25055758170190007
HSPA1A,0.2489538733702467
HNRNPKP3,0.24848957427132853
MINOS1-NBL1,0.24737810661415713
LPL,0.24702868592561003
CA5A,0.24682921942342614
RAET1G,0.24650495241966955
KSR2,0.2457069755006979
JUNB,0.2456099950227459
ECM2,0.24532066190555368
LOC100506901,0.24503240525615347
CREG2,0.244599585982163
ECT2L,0.24406845436145852
CD164L2,0.24395873505068125
CRYBB3,0.2436747277531604
TVP23C-CDRT4,0.24341198164046154
CD69,0.24255184769283097
MAP1LC3C,0.24231964871855458
ZNRF3-AS1,0.24125959516850076
LUM,0.24113810896747842
PRG2,0.2410528986905248
CCL15,0.240915356991303
LOC101927805,0.24070751097247972
LOC101929374,0.24067879349822838
SNORD56,0.23956591285883874
LOC101927905,0.23936459564555196
ACTB,0.2391861621226937
SRMS,0.2391495241441018
LOC101927492,0.2388031027615754
PTPRG-AS1,0.23795473735956654
LOC100505978,0.23672273179571507
LOC102031319,0.23567015605498717
LOC100506159,0.23539756399841288
AMY2A,0.23425099857238804
LOC102724075,0.23421326733575515
LINC01372,0.23376704636882933
LOC102725101,0.23357781600644723
MS4A2,0.23208895179521985
ART3,0.23177246553471745
TCTE1,0.2307614414034652
CAPN11,0.2306235887299142
LOC339807,0.22927011753900742
STC1,0.22921798121470244
SCGB1B2P,0.22821360838685933
C17orf82,0.22772427360785813
GATSL2,0.22618253335544236
RPS26,0.225977275636264
LOC102723679,0.2244823993334996
RFPL3,0.2244685594387148
MCM8-AS1,0.2239725530188198
LOC101060264,0.22359338000912815
MT1B,0.22353458907066073
IFITM2,0.2230171237666744
IER2,0.22247854720769475
COLCA1,0.22180033466153945
LOC102724369,0.22124418225914183
SNORA69,0.22023617493360634
LOC101930466,0.21964860892134733
CD74,0.21945051614530664
BHMT,0.21737845115006565
LINC01447,0.21691627471698696
CRIP1,0.21687688928610865
C9orf173-AS1,0.2160588988633499
PRSS2,0.21600227445820336
TRPM4,0.21503222811193254
CITED1,0.21431601544867873
LOC101929204,0.214147906982997
GPR75-ASB3,0.21383968932889796
TOP1P2,0.21382107863858676
LOC101927169,0.21365936300107324
GPX8,0.21356354530698182
OLIG1,0.21127560618909424
LOC102723722,0.21061759656911214
LOC729930,0.2102447513549343
ELOVL7,0.2096827093588723
MAPK15,0.20906381179613762
ARMC4P1,0.2083568940728147
KREMEN1,0.20817126320873278
FAM186B,0.20800396303982457
DUSP1,0.20759859085674215
SNORD30,0.20741384892992518
SNORA13,0.20594938520710923
BCAM,0.20591661442487122
LOC101927897,0.2057311131531333
SNORD101,0.2052880617595415
LOC101929482,0.20525787407433607
SLC24A3,0.2044282023679537
GATA2,0.20404199589932742
LOC101926893,0.20396970158050143
LOC102724862,0.20394127024992942
FOS,0.20277591251512578
SNORA55,0.2018593940737228
LDB3,0.20183872220299084
LOC284080,0.20156474317726011
LOC101929751,0.2010571874309093
HHIP-AS1,0.20099341333573856
MYEOV,0.2007169817512488
LOC101928521,0.19990465082479908
HTRA3,0.19975959347907066
LOC100287852,0.1993254884503822
SHISA2,0.19931087029208608
TMEM184A,0.199094458881473
GAPDH,0.1985747493597041
LOC101929549,0.19791654700658257
HBM,0.19606937628139395
LOC102723328,0.19539869049641714
SNORD60,0.19458882868249303
RNU2-1,0.1944441759581161
GSTA1,0.19370683997926766
CST6,0.19271530767167305
NAA11,0.19269793721320175
KRT5,0.19267467550568937
GGTLC1,0.19210304840581666
GAL3ST1,0.1918808202381121
SBF1P1,0.19148055370960562
LOC149351,0.19139244912480785
CXCL14,0.18998836952225082
FAM27C,0.18984525346037667
LOC101928879,0.18977867681252505
NCRUPAR,0.18937144114829124
ELN,0.1883300313960818
TMEM130,0.1882289976101431
RNU6-42P,0.18687633235118606
ALMS1P,0.1865901628952684
CA4,0.18627850371309876
GOLGA8K,0.18604299895163767
LINC00377,0.18505939826305545
LOC100509853,0.18405615653043406
HSFX2,0.18359022310179038
LOC729080,0.18294958642334452
EFCAB12,0.18199995004357028
GeneID:102724189,0.18195286309103492
ZG16,0.18184378204620022
LHB,0.18045706947311999
ADAD2,0.1800515066852396
SPATA31C2,0.1797755336400839
LOC101930503,0.17943638527314268
SLC45A3,0.1775851879624763
LOC101930370,0.17756141296995898
TEKT4,0.17684867399637938
SNORD35B,0.17610945987447196
KCNE2,0.17568739250835325
CLC,0.1744663732064117
ALB,0.17429888314215267
FDCSP,0.17319625874356706
RNR2,0.1721732071184874
C9orf117,0.1719415778302635
COX1,0.17097567619241907
BGLAP,0.17004300009242868
LOC101929713,0.16983277080418357
LOC102723708,0.16861728779123128
LINC00923,0.16634827577707884
RHBDF1,0.1655891678114684
LOC101930269,0.16534698490584807
LOC102724190,0.16310707382212553
INE2,0.16093240905462805
ARSE,0.16076816021786405
MEIS3P1,0.15901910011991965
ZSCAN10,0.15882610330267735
RTN4RL1,0.15836980960527405
KL,0.15834764742258572
LOC101929070,0.157860980401309
LOC102723421,0.1569021642485227
XX-CR54.4,0.15542450575485356
LOC101927851,0.15524950477373547
GeneID:101928822,0.15507182149122656
FAM78B,0.15474366849076687
HEYL,0.15377044583141422
CCDC116,0.15304797891866664
LOC101929181,0.1529143980628211
WSCD1,0.15176916190425208
LOC102723744,0.15146143164033743
CLDN10,0.1508599878961129
SLC39A5,0.150492719882376
PPIAL4D,0.1501103638198547
MEG3,0.14895822923378982
FMOD,0.14833692416218947
IFITM5,0.14799709011458853
TSPEAR-AS1,0.14652436369742872
LINC00545,0.14634121920908608
DSG3,0.14531355866066883
LOC102723589,0.14530102876002596
FAM230B,0.1448067574113502
CYP2C18,0.14457035910121774
LINC01475,0.1394208295946415
C21orf90,0.13838971344745207
MRO,0.13602297225213378
FOXH1,0.134931616238937
DNM3OS,0.13478755235568535
MMP7,0.13441815280801978
MIR5006,0.13342148091062772
BMPR1B,0.13259825997059657
GXYLT1P3,0.13254180311321598
POU6F2-AS2,0.13118036956058743
TTC23L,0.1306967725535629
ADCY10,0.1287120222919718
ONECUT3,0.12816311429079139
TRNA,0.12800356719669898
LOC646903,0.12758168641517775
BCYRN1,0.12595529634904806
HOXC-AS2,0.122983999656113
LINC00548,0.12203894535892622
RCVRN,0.11928740511986395
NWD1,0.11893565224208906
WISP1,0.11821631280881194
IL31RA,0.11789867523384437
PRR15,0.1175668534457473
CCDC108,0.11572000758822767
CRHR1,0.11338334594654671
SCARNA8,0.11288935329235536
MEP1B,0.11260707373510002
LINC01180,0.11257008528962152
PABPC1P2,0.110108164429672
SLC35G3,0.11005519616035554
LRRN4CL,0.10762562065084309
PRSS44,0.10695939681540492
FAM131C,0.10657441875449959
HOXB13,0.10610818582092213
LOC100101148,0.10479354799277843
APCDD1,0.10285213643800568
LOC101929227,0.10263190382686153
MS4A6E,0.10209545560929847
SPEF1,0.1019981917072145
GPR64,0.10157067673299888
PTPRB,0.10028104608881148
C1QTNF4,0.09979127488157871
LOC101927539,0.09824258293401109
ASB12,0.09764510907861379
FLJ46363,0.09674027073842255
MLXIPL,0.09469224606892881
CASC14,0.09382879521944172
OR2L2,0.0931445899733045
LOC101929781,0.09224809904726963
LOC101928295,0.09160651034988404
LINC00514,0.09069016306260332
LINC01467,0.0891607674860066
LOC102725150,0.08882496096981295
ID4,0.08845954615024394
SPATA45,0.08811243624926929
GSN-AS1,0.08810864413607092
LOC101928635,0.0840862738384833
AMHR2,0.08321357150270257
BEAN1-AS1,0.0812862705559187
LIFR,0.07966450927764644
LOC101928197,0.07948141001655891
RNU6-59P,0.07932201911907824
LOC285766,0.07917466275077575
EPHA10,0.07710518972065657
PTN,0.07624842848472413
CEACAM19,0.07449620425254042
LOC100507336,0.07108914242461199
LOC100506082,0.06954311208622697
TBC1D3C,0.06864643085099709
FAM171A2,0.06590636591940581
FGF8,0.0653030445642077
RBFADN,0.06507294277479433
LOC100128006,0.0642086246853006
SCN4B,0.06383164782834788
GRHL2,0.06336054743707133
LOC101929679,0.06313546463144179
LOC101927894,0.05890126104474873
CXCL5,0.05794350474686729
LOC102723335,0.05646247602456502
ST7-OT3,0.0560961771156198
TMEM132A,0.052150554100066415
LOC101928438,0.05139339640464071
HNRNPUL2-BSCL2,0.048642887169632984
LOC101927723,0.04764074233096913
DNAH2,0.045599016044493255
KCNK17,0.04480033553132165
LOC100509620,0.04173688697590283
LOC101928967,0.04038862602390438
LOC101929199,0.03888680979098651
LOC101927830,0.03752346948093109
LOC100507487,0.029389168722351238
HBE1,0.026512481860193404
PANX2,0.025742362003895156
MIR548D2,0.02487453333347598
LIMS3,0.018787362365505093
HES2,0.0163373519849455
CDK3,0.010912532793389954
PSPN,0.005299012546138469
HSPB8,0.0050264710524529875
LOC102724626,0.0034587400378285824
LOC100288748,0.003049289607106032
BAALC,0.0027989608977955546
RIMS1,0.0024839026472276014
LOC101928885,0.001622871119640091
LINC00485,0.000837726905451447
MOG,0.0003973276518166571
GeneID:400454,8.05201722346752e-06
FAM84A,6.560810312567783e-13
LINC01185,3.4937882796448006e-39
SNHG23,3.265373297630236e-39
DLX5,3.1804057446322585e-39
SLC30A8,3.1281366583037647e-39
CST1,3.11862402824655e-39
GABRA4,3.1150160944662634e-39
LOC101927129,3.1003718074474204e-39
CST4,3.080921916109891e-39
FGF19,3.057885829317517e-39
DKK4,3.034417461190583e-39
LOC283682,3.034124722114407e-39
RAB3C,2.980460024173159e-39
LOC497256,2.965961595202394e-39
ESX1,2.909210952935668e-39
