gene,attribution
EEF1A1,2.2146140896640687
FXYD5,0.7710639665577743
ACTB,0.6086004814236393
COX1,0.47418551817171467
RNR2,0.46055247357844803
JUNB,0.3662714495572263
JUN,0.35722438951071017
RNR1,0.35062964701118965
NKG7,0.3018309066022339
FTH1,0.2926966916841565
DUSP1,0.26172910840119207
DNAJB1,0.26124994804009155
DUSP2,0.2547678756784812
RPS26,0.24181710852699312
FOS,0.23840772881702085
CD69,0.23296514478828553
GAPDH,0.23201386816672623
HSPA1A,0.23113700687445576
IFITM2,0.19527265224606954
HSPA1B,0.18993455772028625
CST7,0.18796115069075708
CD7,0.18179809459638746
CD74,0.16883019358704887
IL7R,0.16665181202599094
CRIP1,0.1648016629234722
RGS1,0.16086727364863904
IFITM3,0.146533626475756
IER2,0.14303501226817614
TNFAIP3,0.1418525894918945
NFKBIA,0.1299679546700283
CCL4,0.12831919242485718
GZMK,0.11949284717705724
RPS18P9,0.1138565368420591
MT2A,0.10955801229469243
KLRB1,0.10865392147530316
RPS14P3,0.10007826197532392
LOC101929531,0.09996184382817919
DUSP4,0.0965005452764004
LINC00152,0.09384869385191293
FOSB,0.09170504439882894
CD8B,0.0894668588087893
CD8A,0.08727862314521383
SAT1,0.08621620394367552
RGCC,0.08061002285317474
LGALS1,0.07588471530367796
HSPB1,0.07564243340062146
NR4A1,0.0755123683283137
CHMP1B,0.07359983387339855
JUND,0.0727565283666252
GZMB,0.07237331541020135
HSPE1,0.07079433101573412
SNHG9,0.06988988783759922
BCL3,0.06926180042918118
CITED2,0.06914803333080279
SOCS1,0.06843814092518695
GADD45B,0.06650494379279234
CORO1B,0.06369464737817244
CCL4L1,0.06313180385464501
ICOS,0.06281726883981714
KLRC2,0.06197141703858156
LINC00861,0.061704518206615704
HSPH1,0.06120056367306233
BLOC1S1,0.060693027850352015
BATF,0.06064728204851208
HLA-G,0.06045288657101568
LOC100506248,0.060403198075822145
CXCL13,0.05914764010849316
GPX1,0.05894948807883622
HOPX,0.05884651590595242
CDKN1A,0.05699639287561605
PHLDA1,0.05685771183384957
KMT2E-AS1,0.05595016739622805
CCR7,0.05585035604683023
DNPH1,0.05540020778746579
TNFRSF4,0.05497427485080951
SNHG15,0.054186479798933526
SERTAD1,0.05336996035569659
KLF2,0.05308608675940113
ATF3,0.05233815628126486
CARD16,0.0515112643661343
XCL2,0.05144789979932446
HIST1H4C,0.049841736780570654
XCL1,0.04955003393257287
RHOB,0.04918220779085978
BAX,0.04883139998535474
TNF,0.04871892719199036
RN7SK,0.04866061063717646
GZMH,0.048108340861608
SELM,0.047532647683700115
C4orf48,0.047075361115026
EGR1,0.04649655837118792
TUBA1B,0.046255597783867244
DGCR6L,0.04608275044778033
DDIT3,0.04553873775009922
RNA45S5,0.045435041822892604
MT1X,0.045350505106876715
SIRPG,0.04491165573912806
RGS2,0.04480642974136501
CAPG,0.044695822527933145
GeneID:102723863,0.04408303886239996
ISG15,0.04326958473332794
TUBB4B,0.04317215310611622
IFNG,0.04312559697892734
TIGIT,0.043046842216447716
LOC642441,0.04251800624844338
ZNF683,0.04238716597211508
CKS2,0.041856771422647425
H3F3C,0.04100769870923121
GNLY,0.04057101725674734
ZNF331,0.04011018776818237
CTLA4,0.039857501379430095
LYST,0.03979426087718867
LOC101060038,0.03977894754937737
HLA-DRB5,0.03975173985253825
SOCS3,0.03967893946141986
CHCHD10,0.039520658242725396
IGFLR1,0.039049065613375664
TTC39C,0.03876034882838532
ID2,0.03845387641424787
NME3,0.038436643825003884
BRE-AS1,0.03841702814369989
TNFRSF18,0.038338035904875646
MZT2B,0.0376579732092631
ID3,0.03734334661663373
ATP5EP2,0.037310784862649084
SLC38A2,0.036911874730561435
PHPT1,0.0368210870462448
SELL,0.03662659484006506
STUB1,0.03649515649240863
SNHG7,0.03636485811545322
PMAIP1,0.03633161457537806
ATP5L2,0.03627260050100533
ITM2C,0.03600931894785856
DNAJB4,0.03594517333886944
LAG3,0.03577565994615054
PTTG1,0.03547119427714609
H2AFJ,0.035348450994914286
CD40LG,0.03527215273379836
KLRD1,0.03511719109216735
MIR4435-1HG,0.034543829652692724
PIM3,0.034295648452804195
C5orf56,0.034234465332485295
SNORA78,0.033800283890427926
SUPT3H,0.0336779760313776
SPNS1,0.03363432392628562
POLR2J,0.03362304742659515
CLTB,0.03354993830773016
HLA-L,0.03351302392557693
NCF1,0.033280083150416105
SUMO1P3,0.032949672497018655
ANXA2R,0.032749368522047635
PTMS,0.032647051893100285
H2AFX,0.032238426407141293
ZFAND2A,0.031671128442390756
TMEM107,0.031449711024964425
FAM173A,0.031180788790637966
PDCD1,0.031132504468694016
TYMP,0.030905388491025573
NT5C,0.030438878326198453
IRF7,0.030328914729123017
KLRC4,0.030194946042174896
RPL19P12,0.029835572268454274
MAP1LC3B2,0.029803892490284565
AREG,0.02979343920792777
TNFSF9,0.029776063458163225
METTL12,0.029758739158096393
UGP2,0.029227647295991987
DDTL,0.02843313333630658
PASK,0.02800060508344453
NCF1B,0.027711148537230296
LOC284454,0.027636182484819798
TOB1,0.02739865171969192
H3F3A,0.027124601675346555
NEU1,0.02705306783951295
CXCR6,0.026818506428434374
FAM50A,0.026381440825104956
ACP5,0.026273039652331513
GCHFR,0.026248161247811045
LOC100996740,0.026157611405647707
FOXP3,0.025898847863143705
SPRY1,0.02584600860974548
MAF,0.0255606982499725
A1BG,0.025515745521352915
AMICA1,0.025463605531571072
THAP3,0.025284050461467176
ODC1,0.025008838889573868
PPP1R2P9,0.024922669853932666
STRA13,0.024842647941267268
CMC1,0.024819923965125865
LOC102288414,0.02472324751483316
KLRC3,0.02449345749787703
NCR3,0.0243542514356675
NENF,0.024345930380982626
RPP21,0.024315992813767773
H1FX,0.023646655776482818
CCL3,0.023606219107526357
LOC643733,0.02359884702060428
HLA-DMA,0.023356680417487997
CHN1,0.023162416483315258
TIFA,0.023018401049391127
MAGEH1,0.022897212993528888
ANKRD28,0.022803996221329406
LOC101929910,0.022401061639495484
U2AF1L4,0.021817092435549586
KLRG1,0.021529020138944446
YPEL3,0.02151601316466097
HLA-DRB4,0.021233945061450897
LOC100996809,0.0211267869268981
KLRK1,0.02109310940470597
CLIC3,0.021015576927270664
GADD45G,0.020978176913770737
RAB24,0.02095210722926294
CISH,0.020865381292397886
CEBPB,0.0208489768921601
NMT1,0.020795931132371395
MT1E,0.020647141488706486
MBOAT7,0.020547621212167605
ARL16,0.020522579996918842
C7orf55,0.02034580053528468
DUSP5,0.020254704130611523
LOC646513,0.02006613379239844
AGTRAP,0.020027203802565532
ABCD4,0.019965808941835982
CD83,0.01984524542115817
MMP24-AS1,0.019410920537757413
FABP5,0.019180475272467808
NDNL2,0.019078349839524382
BLOC1S4,0.01888088614356384
LOC100996756,0.018780927532154188
ICA1,0.018714782908049853
SMIM4,0.018656881882337235
SRSF9,0.018536867865418836
REREP3,0.018533014318532284
PTPRA,0.018511597971708982
MT1F,0.018218113243760922
LMO4,0.018205903584600478
C1orf228,0.018199542888475584
CCL4L2,0.01786487784132054
MRPS24,0.017786570693797566
RN7SL1,0.01777576630161771
LOC554223,0.017534096181248564
GRK6,0.0173494639129738
IFI6,0.017331301378942187
HLA-DQB1,0.017193478694312977
LINC01089,0.016924386163112894
TMEM259,0.016908643265059017
TMEM191A,0.01674350869832232
NCF1C,0.01655512240806373
GRAMD1A,0.01641175928122348
SMIM3,0.016377668993817873
SNF8,0.016376950057823535
METTL8,0.016354835836717832
SRM,0.01632921640911827
SSBP4,0.016202350945254268
MTRNR2L2,0.016038431650381317
UBALD2,0.016037370686965306
TPGS1,0.015902116672095994
ASB2,0.015629603232980314
UBE2S,0.015503020940138236
LINC00623,0.01530549607653219
PVT1,0.015243024762790769
HNRNPA1L2,0.015066242419027601
LOC101928152,0.015019063393555765
IER3,0.015018457843472381
CBWD5,0.014982516216807561
CPNE7,0.014857144059727547
PRR5,0.014821819884860872
LOC101928173,0.014817934010094019
LTA,0.014746764567742144
MIB2,0.014698645680002889
SNORD3A,0.014669833878842374
IGJ,0.014657990052842523
ARL4D,0.014610114266680116
TXNL4A,0.01443670279448655
CSF1,0.014404303381960477
MIR155HG,0.01433652387757006
LOC101059954,0.014263819923688944
FAM159A,0.014256101851498495
PPP1R14B,0.014186390042194142
SLC2A4RG,0.013999811382599946
MYC,0.013988857134492152
CD9,0.01385537489918898
RBM38,0.013846196626362047
RTKN2,0.013722472278503215
EDARADD,0.013634999755680595
HIST1H1E,0.013612577054395789
P4HTM,0.013504362070850885
SGK1,0.01315229959330063
ALKBH6,0.013090351363802774
FXYD1,0.01302927629376114
NMB,0.013011767515267983
CCL20,0.013002984208660423
METRNL,0.012975691383707199
RNU4-2,0.0128661130995665
LMNA,0.012810572077474061
IL2,0.01271180576403448
MYBL1,0.012655975762321666
ANXA2P2,0.012610187874008234
LOC102724850,0.01260153769220025
STMN1,0.012554111938010691
CD70,0.012190925698826904
NACAP1,0.012174699815072954
MIF-AS1,0.012044066501472231
CPA5,0.012034082791830542
TAF10,0.011866996665341155
RPL39L,0.011796664928563743
HLA-DRB1,0.011745270811597291
FAM89B,0.011654042455298866
EHBP1L1,0.011575286811552874
LOC102725018,0.011542910064384872
PDE7B,0.011535736744597902
CFAP20,0.011409824583699067
LOC102724614,0.011351692100857397
BAG3,0.011259298483175957
LOC390956,0.011258335737543269
LOC102724828,0.010985333049884867
OSM,0.010982172782256609
IGFBP4,0.010910958330656825
NACA2,0.01089225721170067
TUBB2A,0.010889775842736742
MAP1LC3A,0.01081527414564885
LOC101930071,0.010805958472864322
MZB1,0.010783370610807577
RPSAP9,0.010606017903876344
DDAH2,0.010590216798825507
CD81,0.01048174871631878
LOC100653296,0.010447674247367348
ZNF414,0.010279264425538195
BMS1P20,0.010250750872998825
RGS16,0.010250218425531041
HSPA6,0.010222103526858149
PPP1R35,0.010176727808857207
FANK1,0.010156763877227045
PGLYRP2,0.010087459339077759
CH25H,0.010025427409366728
LAIR2,0.009995002850338676
RPL23P8,0.009955239978340464
TCEA2,0.009885372709122412
EIF5AL1,0.009848568507435377
LOC100996747,0.009765982953031924
SERPINH1,0.009700086522727556
LOC101930154,0.009630534231873367
KIR2DL4,0.009566665142839246
GLI4,0.00956294692299443
MAP2K2,0.009475981590212939
OTUD5,0.009312430197259526
LOC100507316,0.00926623342352166
SNURF,0.00913669555911896
TMEM191B,0.009107108727604655
LOC730257,0.009083960099315164
NBL1,0.009031245539161282
GEM,0.008997512429233938
CLECL1,0.008986081997065763
IL2RA,0.008973866289129453
TRMT5,0.008926410279975453
CRTAM,0.008867827375796389
RNU4ATAC,0.008859768529263753
UBXN11,0.00884963285013286
PAM16,0.008780234476155535
CCL3L1,0.008776879527870323
MT1L,0.008716252758590014
PHLDA2,0.00866268987834775
CBWD1,0.008467780349126168
S100B,0.00843227541858313
GTPBP6,0.008372146525627459
LOC102724428,0.008315660778136788
TSC22D1,0.00824265275040841
SPATA33,0.008146724460159111
LINC01480,0.008123518625303977
HIST2H2AC,0.008073083629138738
RMRP,0.008067980925049964
LIN7B,0.008035764034428027
SKP1P2,0.007925500060390032
MS4A6A,0.007915804652329394
GIPC1,0.007894201532461677
NFKBID,0.007851682085592138
RNU2-2P,0.007705357210936619
CYB5D2,0.007567766408365737
CD200,0.007435035315924736
EGR2,0.0073177690034790304
MMP23B,0.007239664422513148
FAM24B,0.0072386658396385965
RNF220,0.007066521276529632
NPIPB11,0.007065653852694876
LOC100653061,0.007053282982757239
HRAS,0.006968554486921558
LOC102724017,0.0069018840405511055
KRT18,0.006861203351339177
LOC101929786,0.0068211881346286075
BRI3,0.006808653258618149
SYCE1L,0.006808521185056651
ZBED2,0.006769315809645158
BEX5,0.006756590038776309
MT1DP,0.006748897090558164
IL10,0.006722683047702673
PDCL3P4,0.006703689898555406
RPS26P11,0.006677364772432212
LOC100996717,0.006670931424255314
CRIP2,0.006661866855343471
CAPN10,0.006583638323431575
TNFRSF9,0.006541548978889966
DYNLL2,0.006492689125344696
LOC101930279,0.006474385734648205
ID1,0.006385381805513214
LOC613037,0.006337412590797551
STX1A,0.006272617553158515
SPSB1,0.0062262694981221976
GeneID:100288102,0.006220564965786164
NDUFC2,0.006153046674659222
IL22,0.006112383788136435
RNU5A-1,0.006109834208324257
AARSD1,0.006078968635754417
LOC101929796,0.0059408433072573345
GNG8,0.00593700456453725
PDXK,0.005920678436272084
TSR3,0.005896562114695121
CHPT1,0.005865329652184052
PIN4P1,0.005847634231820301
CEBPD,0.00582987150265925
WFDC2,0.00582973340018271
KRT86,0.005666329508956666
ZNF296,0.005651034190294711
ANKRD37,0.005624433293038895
ANKRD42,0.005613586103899171
RASD1,0.005518901620438254
LOC101930085,0.005502925033452869
NAALADL1,0.005453543058221217
LOC101929561,0.005388692421357709
KLRC1,0.0053883235254731715
GLRX5,0.005363315430921125
IFI30,0.0053355846117333705
MARCH2,0.005316488169062996
HLA-J,0.0052513180120575785
HLA-DRB6,0.005173048968797253
HSP90AB4P,0.0051367720433734675
SMARCD3,0.0051346789433740206
CENPV,0.005113137868723137
NPIPB4,0.005019489983603054
IZUMO4,0.0049243445294735915
SAP25,0.00485367744959677
IER5L,0.004775982877404361
PIPSL,0.004752478150010116
NUDT8,0.004749494972595773
TPSB2,0.004732828886360696
MT1G,0.004651726927259763
C8orf82,0.004651235751726284
LINC01353,0.004597528967120719
CD79A,0.0045085982131164316
DNLZ,0.004446987704936292
GNG4,0.004444379451657576
MEF2BNB,0.004443629246844102
HILPDA,0.0044296223724053195
C12orf60,0.004425684913995653
WASH1,0.004419864650313893
MTRNR2L8,0.004414960895802688
RPS10P7,0.00441381967017466
LOC606724,0.0044097681256444945
TMEM244,0.004399977111268063
HIC1,0.004396711192610806
RFNG,0.004393942865211842
ENTPD3-AS1,0.004346210001701978
RPLP0P2,0.004296579622053241
RNU5B-1,0.004272971589300223
MXRA7,0.004269564327647686
HIST1H4J,0.004254869581854031
SAMSN1-AS1,0.004224398645259614
PCSK1N,0.004216324152784851
PTCH2,0.0041601293370488865
TMEM161B-AS1,0.004157863161507857
MRGBP,0.004127809959028165
NUDT3,0.00409376023250758
DTX2P1-UPK3BP1-PMS2P11,0.004083371231788874
MYL5,0.004082441117491417
SOX4,0.004035557362094349
LOC102723997,0.0040283983923306834
MMP23A,0.004027434582527288
FXYD2,0.003993005783527888
IGFL2,0.003986718984451587
NPIPA1,0.0039645625771063805
LOC440311,0.0039227307988265485
LOC391722,0.003921130208485509
LOC101927180,0.00391261506071436
LOC100996720,0.003901687319706344
FMO5,0.0038838122859234632
HES4,0.003858407341231564
DBH-AS1,0.0038263507293136924
LINC01260,0.0038122221505115027
AGER,0.0038034738442198845
SPON2,0.003758680773538116
CSF2,0.003757365611886721
HLA-DRB3,0.0037252829508804784
PPP1R2P3,0.0036901977368396124
HIST1H2BJ,0.003682708117251106
VCAM1,0.003650215497412128
LOC441454,0.0036287535584488017
TPSAB1,0.0035933478073225116
C17orf67,0.0035931709554529287
B3GALT6,0.003533302150160032
LOC102724336,0.0034905254478737185
TYROBP,0.003480022751784696
LOC285074,0.0034755025074919605
ZNF525,0.003469721095278646
LOC101929289,0.0034569396982808364
DBH,0.0034559001338643745
FAHD2CP,0.0034383531128910883
FBXO2,0.0034315553490622355
G0S2,0.0033933263595131856
TMEM238,0.0033884422473577577
SYNGR3,0.003353945744192081
RNVU1-6,0.0033352548771165853
FTH1P3,0.003309436508022352
LYL1,0.0032907614859591103
CST3,0.0032906257118178748
TMEM183B,0.003283688532561849
BRICD5,0.0032400775177266992
RNU5E-1,0.0032238603731975634
GPR35,0.0032092823326129493
AK1,0.0032084629946064354
ZNF446,0.0031771757815747493
NPIPB3,0.003171385962863172
CCDC61,0.0031700218191638143
HAR1A,0.003162516365417226
TEPP,0.003155152702487104
EGR4,0.003152347602309049
LOC728392,0.003073224105140885
THBS1,0.003060368786614861
LOC101060400,0.003053608991486977
LOC102724105,0.003047506336898016
KLRC4-KLRK1,0.003041371426943859
LINC01061,0.0030001744431191846
SRRM5,0.0029965899318898205
IGLL5,0.0029905702322712245
WNT10A,0.0029704073394010355
LOC102723897,0.0029554236595976204
CDYL,0.0029452850408337103
IFNL1,0.0029290554514193475
SNORA67,0.00290774025577701
LOC100288778,0.0028891187651030564
AIM1L,0.0028844375190336686
IGFBP6,0.0028823311621645736
ANKRD9,0.0028768999364769073
LOC101060091,0.0028659969763079173
LOC115110,0.0028567080954152693
FBXL6,0.002855902379163325
LOC100996919,0.0028532867773505464
C19orf83,0.0028518753784557587
LINC01135,0.0027882613271232814
NPIPB5,0.0027868350480828234
OXT,0.002777992832883116
LOC728026,0.002773223913511823
ECI1,0.0027731818503632473
APOA1,0.0027557522886175268
MEF2BNB-MEF2B,0.0027289188971973814
HBD,0.002714488240791767
LOC389834,0.0026729639824432474
PYCARDOS,0.002660998151511809
LOC102467081,0.0026496329641162585
CITED4,0.0026354552050620018
SH2D1B,0.0026203475899010107
TMEM191C,0.002618103750628803
LOC102724217,0.0025975140138761277
SMG1P1,0.0025923495973548074
SLC25A53,0.002586549448069825
ZNF771,0.0025814981484145625
PKD1P1,0.0025729330993394814
IL1R2,0.0025527516976816406
IFIT2,0.0025475400190944305
PPIAL4B,0.002541813996874106
FCER1G,0.002532723529215718
ANP32AP1,0.0025198620704616572
RPL29P2,0.0025198536934659573
OPLAH,0.0025019504762199864
CTRL,0.0024805416714294513
CAPN3,0.002478912130010216
KCNK12,0.002478029850393942
SCARNA5,0.0024723712158368663
PODXL2,0.0024720657655882545
CLDND2,0.0024705223504050446
HIST1H4I,0.0024697047365952554
C2CD4D,0.002456348042746455
HES6,0.0024541244728316465
BAMBI,0.0024535971414892488
IL21,0.002448116332790463
CKLF-CMTM1,0.0024339712606124635
PMS2P3,0.002426509804597355
P2RX5-TAX1BP3,0.002419520692921647
BOLA2B,0.0024147596999824577
METRN,0.0024140072961888483
LOC101060363,0.0023728913833274555
CRSP8P,0.002371768598244362
FUNDC2P2,0.0023595607378742063
CDKL4,0.002356855367211561
LOC100505585,0.0023442039660096546
MCTP1,0.002340433456192575
LOC101928054,0.0023287848431639423
SCARNA2,0.0023168600609201682
LOC101928530,0.0023064206689352392
CBWD6,0.0023033828934440168
RGS4,0.0023000418205017656
TESK1,0.0022709906603751865
URGCP-MRPS24,0.002264177333246385
ACTG2,0.0022523369727638115
RPL13AP20,0.0022516494085589047
HNRNPA3P1,0.0022456368773124406
C10orf10,0.0022283272197542005
LOC102725214,0.0022114497242761806
HOXB-AS1,0.002192617249750439
HRASLS2,0.002185021160436825
CGA,0.002181353656824845
UNQ6494,0.002168934005930097
HBB,0.0021531243394781094
ZFPM1,0.002135949156793656
RPL10L,0.0021318656324095043
KLHL17,0.0021271708708178656
LOC102724031,0.0021182940398170222
LOC390937,0.0021017642648892116
DMTN,0.002101233270494798
MUSTN1,0.002085469954589216
IL17A,0.002082007550482312
MAGOH2,0.0020605742933213485
LOC644936,0.0020384522433556152
LOC100506860,0.0019884784203931466
KIAA0101,0.0019746631619223555
CAV1,0.0019656251906964347
LOC101928812,0.001965391197992455
HIST2H2AA3,0.001942968243222325
LYZ,0.0019417662148337156
CCL22,0.001941157787009186
WASH3P,0.0019354833068625068
IFI27,0.0019330408406356657
RASIP1,0.0019309194320326116
WASH7P,0.0019297053342669285
LOC100507501,0.001924660239964733
FKBP1AP1,0.001922645303627125
CTU1,0.0019217394045248973
PARD6G-AS1,0.0019099845734955646
ARC,0.0018796586232319567
LOC102724448,0.0018725105114505188
SERP2,0.0018713619659538345
NXPH4,0.001868722587500552
PON3,0.001868250321565222
LZTS1,0.0018620760058293074
UBE2MP1,0.0018522143576417275
NPIPA5,0.0018459320129327488
LOC101930551,0.0018450629383401326
LOC101928402,0.001827927632958822
SNORD104,0.001820154290748621
SLX1A-SULT1A3,0.0018074039886433935
GAS6,0.001782884480226486
MINOS1P1,0.001778449417712499
PTTG3P,0.0017708693667077714
MAP2K4P1,0.0017652960715603076
ZMYND19,0.0017371442653693725
ARID3A,0.0017319977122743665
AMT,0.001723549902225729
MIR564,0.0017090573519843353
TMEM88,0.0017078871683499158
LOC101930325,0.0017002051109940555
IL10RB-AS1,0.0016961115047009537
FGFBP2,0.0016943739044019473
HIST2H2AA4,0.0016873249792541281
GDPD3,0.0016831059327273895
LOC102724457,0.0016712000000374116
REG4,0.001632029490996764
AMN,0.001620839959548918
IL21-AS1,0.0016091233661499789
CCDC102A,0.0015995133309996614
ESAM,0.0015816967512904863
PAGE5,0.0015549490181645481
LOC284412,0.001550349563763897
LOC102724426,0.0015459779372152308
BBOX1-AS1,0.0015412980252852051
FAM86B3P,0.0015279120443407641
SRRD,0.001526902182596156
LINC01501,0.0015207497807978609
TNKS2-AS1,0.0015148682256868522
PM20D1,0.0015066135763626874
LRRC70,0.0015065836918257225
RNU5F-1,0.0014998243894079526
LOC102724342,0.0014979543934441287
LOC100233156,0.0014913301811238363
SNORD15A,0.0014903745502852423
LOC102724594,0.0014889544111264114
FABP5P3,0.0014883274013063053
MAGIX,0.001484091844848259
POU6F1,0.0014747542295473078
PMCH,0.0014655048915713713
DERL3,0.0014644094981453141
NAT14,0.0014637620177037525
SLC10A1,0.0014632519321391103
CD177,0.0014580299868910912
LOC102723407,0.001457243255278306
TFAMP1,0.0014498361384799893
LOC101927507,0.0014451738567270562
C1QC,0.0014217405169315446
LOC102725438,0.0014186746567094195
TEKT4P2,0.0014137079440762568
LOC100293211,0.0014130088095552352
FBXL22,0.0014059179417516936
CDC42P3,0.0013909400787450916
RPL31P11,0.001380941986863992
NACC2,0.0013807297792620774
ANXA2P1,0.0013773958749228982
PRR19,0.001328882471758806
PELI3,0.0013198487270780716
GGTLC2,0.0013163489407418821
LOC100133286,0.0013060871167366493
LOC100507424,0.0013054861817547042
PGAM4,0.0013004822916204092
FAM86FP,0.0012953434079214833
S100A8,0.0012925496164047224
LOC101926889,0.0012852456474930878
PKN3,0.0012851014953169225
SCUBE1,0.0012792709548130016
LOC100287632,0.0012606058067551335
DGCR6,0.0012546362883395356
SNORD13,0.0012529278532576779
SNORD22,0.0012515812154320523
RNASEK-C17orf49,0.0012444105433701627
CXCL8,0.0012409823352157955
IL4,0.0012390132569454185
HAR1B,0.0012325973910286558
TMED10P1,0.0012322048307403688
HIST1H4K,0.0012253392031658207
DIRAS3,0.0012127860478064257
CIB2,0.001208515247621862
LOC101929333,0.001203070050074853
LINC01252,0.0011929410580375
C17orf96,0.0011923320364666831
HPN,0.0011763816676176192
LOC102723692,0.001172915323330911
SLX1A,0.001172849729608214
SECTM1,0.0011688736462820693
LOC389705,0.0011682407118162525
LEMD1,0.0011568511525328017
PVALB,0.001155301108683828
RRM2,0.0011541828465571843
LOC102724362,0.001144131867839845
LOC644762,0.0011374684911276461
PDE9A,0.0011358751352075294
TGFB3,0.0011336106404465371
LOC102725263,0.0011274940338590585
MEX3B,0.0011274043864835388
CYGB,0.0011269254627840272
ADAMTS17,0.0011242081101838987
LOC101060376,0.0011211698253025724
ANKDD1B,0.001117829978188906
PMS2P9,0.0011170354296672286
PTTG2,0.001116007392785279
GCK,0.0011069199310396382
SFT2D3,0.00110655398587323
TMOD4,0.0011010275309945017
FAM86C2P,0.001087164178995069
LOC102725330,0.001085312509167147
PDXP,0.0010761042246131413
PPT2,0.001069644190415839
LOC102724002,0.0010650112493365853
CEBPB-AS1,0.0010631540855440733
GNRH1,0.001046592031695204
LOC102724646,0.0010437388893365343
LCAT,0.0010359496902206783
IL1RL1,0.0010312256736340344
HSPA7,0.001030218581088854
LOC101928356,0.0010191317982327346
FCGR3B,0.0010130929971194284
ZNF321P,0.0010126397215967531
LOC102723571,0.0010070149503233975
TPI1P2,0.001003235158226508
SLMO2-ATP5E,0.0009902143192397678
MOK,0.0009834573978115817
LOC100335030,0.000981907086476557
UBE2C,0.000981424721456128
PRPS1L1,0.0009787247962679262
LOC102723927,0.000977963116776292
HTR1F,0.0009717679601646491
FAM127C,0.0009713775757913824
CHKB,0.0009689766524056937
LOC441528,0.0009667552920076499
SLC25A30-AS1,0.0009651083355317682
CTSK,0.00096220832231927
MC1R,0.000952917369564426
GOLGA6L5P,0.0009518985776077695
BARX2,0.0009508823241416568
LOC388780,0.000943521344501348
CYP2D7P,0.0009373771221297339
LOC100510707,0.0009351417983016509
LOC143666,0.0009248356462055201
DBIL5P,0.0009210666183292899
UBE2NL,0.000920947239991788
LOC102723797,0.0009207166216361767
TMEM200B,0.0009133106502993864
ACRBP,0.0009046683897273597
LYPLA2P2,0.0008987881990088302
C1QA,0.0008981135741313136
OSTCP2,0.0008966621967817401
S100A9,0.0008954589571137547
LOC553103,0.000894830376325497
IL17F,0.0008928348271551612
LOC100288152,0.0008905139635627352
GeneID:102723666,0.0008884048497340231
LOC441124,0.0008878063268030682
LOC341056,0.0008862999506725661
ZNF578,0.0008851773240141916
MESP1,0.0008846151961602455
MAMDC4,0.0008796360633524166
DSCR9,0.0008750842454288448
SNORD97,0.000873465893967834
LOC102724936,0.0008728670864035463
BCO2,0.0008707401620337395
INO80B,0.000866483316157092
CYP4F35P,0.0008580504631570856
PRRT3-AS1,0.0008547544021185507
KIAA1683,0.0008531374039649077
LOC100288974,0.0008508087220202154
ZCCHC12,0.0008438638259099759
MT3,0.0008430299105776361
POTEM,0.0008345846532223414
DIRAS2,0.0008317479182143965
LOC102725521,0.0008276844747407476
LOC101927815,0.000826485243033405
LOC100653247,0.0008239480457527019
RNU5D-1,0.0008218167145891765
TAS2R20,0.0008206232891708851
LOC643387,0.0008202831545320095
LOC729739,0.0008187993966478548
GTF2H2C_2,0.0008172056236504164
HNRNPCL1,0.0008168173833224743
FBLIM1,0.0008165875132118922
CALY,0.0008100403082377409
RTEL1,0.0008094114581736487
C1QB,0.0008082519088562375
DPCD,0.0008075502517506527
LOC101930233,0.0008073637294202838
OR7E37P,0.0008045258033401975
NTNG2,0.0008023813199227642
LOC100996732,0.0008002874017035213
CHGB,0.0007998630008179613
RNASE1,0.0007982507212267991
LINC00086,0.0007977985410517084
GTSCR1,0.0007916692549441414
RAB12,0.000781833910282883
EIF3CL,0.0007813560639176497
DBNDD1,0.0007809744418631793
MT1HL1,0.0007799289310926632
ITGB4,0.0007771222621403848
FAM229A,0.0007764413827196189
MFSD7,0.0007742145473157012
LOC101927632,0.0007732165362481537
ALOX15,0.0007700110115879904
APOE,0.000768867243312502
CTAGE11P,0.0007682769994587621
LOC728673,0.00075967642306306
SERF1B,0.0007569298520430208
TUBA3D,0.0007519482158475013
PI3,0.0007493381210257622
MFI2,0.0007476528145672627
NEDD8-MDP1,0.0007448656350885984
NANOS3,0.0007442237027453648
SLC25A29,0.0007385847984166695
EPPK1,0.0007367483219826379
LOC102723354,0.0007339522411594033
MIR1307,0.0007329212895282017
C2CD4C,0.0007318786380236446
SCX,0.0007273936323767505
HIF1A-AS1,0.0007240745901699348
YJEFN3,0.000722212268798337
SERHL2,0.0007211722175607263
FAM218A,0.0007184945334652724
PADI4,0.000714491630404565
KRTAP12-3,0.0007126525875940059
WNT10B,0.0007110374687709144
LOC101929687,0.0007066536930554651
C17orf97,0.0007047742215151988
LOC100996351,0.0007013196840269848
LINC00866,0.0006993802003486241
LOC100506730,0.0006971540494503442
CCDC144NL,0.0006937111800812602
LOC102724914,0.0006927939745116667
ADM,0.0006881538686398483
LOC101927187,0.000684738423374846
IL17C,0.0006817634879718762
ZNF704,0.0006786407557004413
NPB,0.0006774775456404126
HES1,0.0006758054903935355
TCL1A,0.0006729966150421801
LOC101928659,0.0006695072228455823
IGFBP2,0.0006692283357573889
CLEC18B,0.0006670138935081781
TCEAL2,0.0006661493718941888
EFNA3,0.000658935702994016
LOC101927252,0.0006553283310314895
LOC283140,0.0006520351605512598
LOC102724400,0.0006475753656811756
NT5M,0.0006423184261216492
RNU4-1,0.0006418729591362978
MIA,0.0006405165121416543
NPR2,0.0006401189039129628
HCRT,0.0006388328186823544
UBE2E4P,0.0006328039247720213
LOC100131289,0.0006316441634518519
RNF126P1,0.0006312254453025374
PPP4R1-AS1,0.0006312181173509869
GABARAPL3,0.0006304738546480479
SEPP1,0.0006303275681260308
LOC101930608,0.0006274421791778776
ATP8B5P,0.0006234972059863432
ABHD17C,0.0006184928939249901
ACOT1,0.0006166267511704764
LOC101927635,0.0006153039680646657
NPIPB9,0.0006152794876350487
FAM114A1,0.0006056478318984226
SCGB3A1,0.0006025268464558153
FOXN3-AS1,0.0005976238605123438
SNORA10,0.0005956384121880234
MUC20,0.0005947054895179709
ARSJ,0.0005940010984745827
MT1H,0.0005917411714868
RAB6C,0.0005908415592593969
SCARNA7,0.0005884601927817507
NPIPA2,0.0005879110474409421
LOC102725436,0.00058739308255592
RPL13AP6,0.0005843606931352843
MTMR9LP,0.0005809293873850599
GRIN3B,0.0005807980821026206
ASCL1,0.0005806214189686089
C15orf48,0.0005793508370459176
MIR181A2HG,0.0005666523891006398
HHIPL1,0.0005663234799847217
SMPD5,0.0005634058342857331
FLJ13224,0.0005609808737594191
LOC494127,0.0005608429896942178
MIR4674HG,0.0005597682235245518
MIR600HG,0.0005539213267076068
FDPSP2,0.0005535883922239566
MIR192,0.0005535031891410094
SENP3,0.0005515939537298361
LINC00202-1,0.0005498475974051436
FLJ45079,0.0005469935459951583
LOC100132831,0.0005469466976146617
ANP32C,0.0005452332151120139
LOC283693,0.0005442837455169805
DOC2GP,0.00054236275965663
RGPD3,0.000540710361661149
LOC101929416,0.0005385825449398628
TWIST1,0.000536650592901977
SERINC2,0.0005338841252614144
LOC101929336,0.0005320057685831476
FLJ45513,0.0005310134940608245
ZCCHC24,0.0005269082710904387
SNORA27,0.0005261103247511329
LOC102724149,0.0005238842365530152
TUBA4B,0.0005234703047470198
GeneID:101928965,0.0005206230001140846
LOC642131,0.0005203456699933161
LOC101930660,0.0005187608819406642
GTF2IP1,0.0005156385792173017
LOC100505564,0.0005152335782007041
SPTBN5,0.0005147610014203714
RNVU1-4,0.0005041550964765529
OSTCP1,0.0005001423242024735
BRD7P3,0.0004981350532194987
HMCN1,0.0004944662360218009
SLC25A52,0.0004943478507255416
FLJ43681,0.0004942845251783243
RPSAP52,0.0004899553087653189
LOC101927906,0.0004885042697425873
WTH3DI,0.0004870951624636715
TMEM86A,0.0004834904717124999
LOC102723694,0.0004830184053091778
CHRNA10,0.0004805816365987308
LOC102723554,0.00047980477743247535
ATP9A,0.00047890677901256124
QRICH2,0.00047732165517340544
LMNTD2,0.00047699356081318587
LOC101928353,0.0004757190805974006
NTN5,0.0004745020018604712
LOC102724571,0.00047354221918572423
APOC1,0.0004716729365950161
LOC101927278,0.0004698534725740479
LOC407835,0.0004697479699671871
ADAMTS3,0.0004659092954320862
LSP1P3,0.0004648242125454044
LOC101929240,0.00046233945580973125
CCDC11,0.0004620359736302982
SMIM24,0.0004610220138585159
HBA2,0.00045911552339808877
LOC100130373,0.0004588407308729722
CDKN1C,0.00045835462379023985
ZNF433,0.0004570905497229171
MT1M,0.00045648698479825806
C7orf61,0.00045405804194562175
TUBA3E,0.0004536409710900707
OPRM1,0.00044962938007319026
ZBTB20-AS1,0.00044918606782856413
ZBED8,0.000448028161575831
LOC101929109,0.0004467167854900288
LINC00384,0.00044649323851182364
LOC102724733,0.00044586648630509114
SLC9A5,0.00044270117612021345
LOC285847,0.00044065178783327444
CACNA1F,0.00043974425610196206
NRARP,0.00043897471819000217
FAXDC2,0.00043787460400753576
LYNX1,0.00043757745465995224
LOC101927322,0.00043564450588578677
LOC102724705,0.0004352712244539945
LOC100506314,0.0004338779307795165
CDH26,0.000433816156570566
PPIAP30,0.0004332158226095125
LINC00174,0.00043271668382346035
LOC101928103,0.0004326842684169658
LOC102724009,0.00043150310290110297
NRN1L,0.00043146179838984876
NPFF,0.00043142434410733775
CLK2P,0.0004257956512448334
LOC101929789,0.0004241748599045837
LOC102031319,0.0004191536962797546
CXCL10,0.0004191096329613647
LOC102724770,0.00041820017345987274
RAVER2,0.00041620943892298445
EIF3IP1,0.0004161433457929183
EMILIN1,0.0004151302996190791
ASIC1,0.0004145028287276148
LOC100996693,0.00041327314575697954
CCDC183,0.0004097237346095624
LOC401010,0.00040895365098679874
CTF1,0.00040860101603713795
LRRC34,0.00039886101418933496
PSD,0.0003985185812373324
RGMA,0.0003977280307819696
LINC00336,0.00039743439335793797
GUCA1B,0.0003972978589628022
RIN1,0.00039287467359735344
FXYD3,0.00039202905648640443
GNMT,0.0003896213185283937
MT1A,0.0003893495268353481
C19orf35,0.0003892045011870343
C14orf183,0.00038902811725926954
LOC101927904,0.0003882782898303351
NUDT4P1,0.0003868810955822324
LOC91450,0.0003850406622252589
LOC101927838,0.0003850204596094689
VTRNA1-1,0.0003846563792821383
TCAP,0.0003846497065068681
LOC102724984,0.0003836533937707851
BREA2,0.0003835646944032423
CNIH2,0.000381966926550996
HMHB1,0.0003791708610275247
CACNA1C,0.00037420906117723463
CCL23,0.00037362429061897043
YWHAEP1,0.000370667443325113
CXCL3,0.00037063832366084456
LOC100505942,0.0003704477327192615
NPW,0.00037029662619083757
BCRP3,0.0003692931846346757
ACOXL,0.0003692614608929536
LOC101928001,0.0003688289969743839
GPR97,0.0003668005619731324
CSNK1A1L,0.0003651811361800611
CCL19,0.000363281316185506
KLHL31,0.0003632064584272452
DCST2,0.0003631776371372292
SH2B2,0.00036075754805555956
RPS7P5,0.0003589556119053416
CALD1,0.0003584488837438584
SERPINA1,0.0003568022407687876
CALML3,0.0003549905728143928
S100A5,0.0003533592817950519
SCARF2,0.00035224368032611876
SNORA52,0.0003515337606266489
DLK2,0.00035134807906157616
VTRNA2-1,0.0003512842731595254
LARP6,0.0003507021302129263
LOC650157,0.0003491157768501484
PROKR2,0.0003491111963896822
OXCT2,0.0003466400936246842
LOC102723346,0.0003465018456560555
SERHL,0.0003462911250756668
FLJ31356,0.0003457046120547811
RASA4B,0.0003453248943300982
GUCY2D,0.00034314358709587297
LOC102725153,0.0003426174075658467
LOC102724389,0.0003414530694513809
GeneID:102723992,0.00034052824070253965
LOC102724667,0.00033815876520095346
MMP14,0.00033614449754960555
LYG1,0.00033534246478785174
RAD9B,0.0003347407205927639
SNORD89,0.0003339452816248605
LPL,0.00033372233786147523
PCDHB9,0.00033254687263328434
PLN,0.0003320897374133332
CABP7,0.0003310137786126818
LOC102723729,0.00033060482217425134
AQP4-AS1,0.00032959756416068713
LOC100996273,0.0003295382297155056
LOC101928605,0.0003290647083912933
GYPE,0.00032728380947338875
LOC101928346,0.0003269217757347771
LOC100128288,0.00032642277528167944
SNORA13,0.00032415918072412054
SFN,0.00032404355377311725
FLJ42351,0.00032200122727958175
LDHD,0.0003201021712339639
LOC102725391,0.0003198047586149812
SRRM2-AS1,0.0003183529729637991
PC,0.00031826054946065694
LOC100288911,0.00031803959501291426
SNORD32A,0.00031773450318290904
CD14,0.0003171759172530414
ITGA7,0.0003158140519482508
HPX,0.00031192791483375794
RPL23AP32,0.0003093449799209421
NLGN2,0.0003074572717963884
LOC100129534,0.00030437997601153604
SHISA2,0.0003032390168880649
ANXA3,0.0003017541989901188
SPP1,0.0003014518855971343
LOC101929426,0.0002996600021419785
BAI1,0.0002990977317981612
LOC102725292,0.0002979440318400784
LINC00598,0.00029784555540415326
LL0XNC01-116E7.2,0.0002967570944451981
RPL13AP3,0.0002963135461079033
SLC24A3,0.0002937113390358477
ETV3L,0.00029184798628699644
ZNF286B,0.0002911104857330394
IFITM4P,0.0002899505035766635
LOC102724885,0.00028911585362474413
STX1B,0.0002888362469280596
LOC90834,0.00028711829169837357
NRADDP,0.0002865088469303295
SNORD15B,0.00028581892228948303
HIST1H2BO,0.00028500143249437934
LOC101928740,0.0002848515710238891
LOC101929719,0.0002830888285949354
FSTL3,0.00028280769226832767
MS4A7,0.0002827355654889538
GOLGA8O,0.00028107733995795775
LRRC26,0.000277528227184793
SYNE4,0.0002770328344736235
LOC101929918,0.00027386324728320813
ANKRD16,0.0002738096147422774
SNORA21,0.00027357396951952043
ZDHHC23,0.00027309630998460457
FAM132A,0.0002720949789261494
SMC1B,0.00027172237553367996
LOC101930543,0.0002714112483223183
LOC440292,0.00026755576985507996
TCN1,0.0002672318989223589
CXCL2,0.00026685465502506903
SNORA19,0.00026608886503551034
LOC102725469,0.00026504759824613695
REC114,0.0002638346263120951
TIMP4,0.0002632533304527698
MSH5-SAPCD1,0.0002631955326811762
TCEAL6,0.0002618731712498333
PYGM,0.000260253255171516
LOC102723757,0.0002594856118898709
TTC7B,0.00025804573072472843
LOC102723437,0.0002562782900559984
GUCY1B2,0.00025237672246623545
CPA3,0.00025092620698408455
LIN28A,0.00025078846431179046
KCNQ2,0.00025044011468150094
FAM78B,0.0002486291030580855
LY6H,0.0002485817456140483
LOC101927560,0.0002483416471786681
NUDT4P2,0.00024740974263569657
TOP1P1,0.00024667114214422603
SERF1A,0.0002465170200360582
SRGAP2B,0.00024631355766339307
UPK3B,0.0002441027829839585
EME1,0.0002429509754478285
LOC102725277,0.00024286127195393157
TMEM184A,0.00024162759603374204
MIR7848,0.00024130645203846089
C1orf229,0.0002398751442833389
SERF2-C15ORF63,0.0002391518598075883
PIN1P1,0.0002388912150024902
LOC102723328,0.00023680125393712892
TRIM50,0.00023654998401870998
TIAF1,0.00023553278000428224
SLC16A8,0.00023436130449248812
CASC2,0.00023405968230239633
TMEM236,0.000233546702138002
TRH,0.00023295121179334392
KSR2,0.00023226711907586904
ANK2,0.00023204560436811372
JAKMIP2-AS1,0.00023196898684839522
TENC1,0.0002296440020193429
HOXB-AS3,0.00022950451251822125
FLJ33544,0.0002294716414674543
FRMD8P1,0.0002294031839754716
LOC101930129,0.00022833953565307017
C11orf85,0.0002279460640762383
TAS2R13,0.00022774122230000536
MTRNR2L10,0.00022707512903240106
LOC100509764,0.00022541937732879807
ANTXRL,0.00022411487054805614
CDC14C,0.00022391160539800062
SNORA53,0.0002235201707104151
RRAD,0.00022178115503896333
TDRD12,0.00022177771796156502
CECR5-AS1,0.0002214202450535345
LOC441455,0.00021705584772964396
SCARNA21,0.00021606434454633243
LOC100240734,0.00021526416553854463
DUXAP8,0.000214758020038237
SBF1P1,0.00021231603462810918
LOC101060458,0.0002119962956707163
OVGP1,0.00021170701005507458
MFAP2,0.00021169365365036245
KRT5,0.00021135593464204422
LOC101559451,0.00021101898604897835
ANKK1,0.000210781528179544
BCAM,0.00020774142340580342
SHB,0.0002073081747537123
LOC102723795,0.00020416439416485248
LOC102723539,0.00020409673480090097
ADAMTS13,0.00020409630711478095
LOC102724396,0.00020326918318861218
LOC102725367,0.00020194183345707416
LOC101060264,0.00020165937118946778
LOC101928066,0.0002011935496299223
LOC101060389,0.00020112174212485488
HBA1,0.00020106658630484605
CRX,0.00020091295404891206
ANKRD19P,0.00019923709764800432
LOC101927212,0.00019907791359870508
CBX2,0.00019906357315940354
C4orf50,0.00019768149299901223
LOC102725395,0.00019722825927644512
EPYC,0.0001967414626073988
MIR650,0.00019578866262916564
CYR61,0.00019557078753303412
MSANTD1,0.0001940716130299988
C6orf147,0.00019364902825521363
CRYAB,0.00019360645403680794
C11orf96,0.00019268200838826695
CXCL14,0.00019242792331339534
GeneID:102723372,0.00019188507108278648
MT1B,0.00019118811778840125
FITM1,0.00019070902342435984
PTPRVP,0.0001905141661004711
OTOF,0.00019007150156988213
MT1JP,0.0001894072659822208
HLA-DQA1,0.00018898445650298703
USP12-AS2,0.00018804119006709196
LOC101929523,0.0001877592759351575
LOC101929595,0.00018645168518400791
S100A12,0.0001863966634823018
TGIF2-C20orf24,0.0001851342621698581
MKRN3,0.00018177404062117287
BCYRN1,0.00018153204085822293
COPZ2,0.00018116674555647907
ADIRF,0.00018083370816026985
PTH2R,0.0001799655517843931
LOC102724440,0.00017981043804948915
LOC101928021,0.00017960220030314658
LOC102724005,0.0001787326545932896
ARHGEF33,0.00017860260591216675
MEG3,0.00017778728302543024
SLC17A3,0.00017761791730117727
RPA4,0.00017756443868163912
IL5,0.00017720898753629646
LOC102725351,0.00017588743531809627
SUGT1P1,0.00017559633797953645
FBXO47,0.00017460215612520813
USP27X,0.0001744410324123284
LOC649330,0.00017242189689590354
LOC100507336,0.0001713430273297124
LOC102725383,0.00017085495979881547
CDO1,0.00016973390884285903
SCHLAP1,0.0001692456263069861
LOC101929107,0.00016876676796344467
HS3ST3A1,0.0001685617922421139
IL13,0.00016821925398155166
GeneID:257357,0.00016753758982726433
MMP7,0.0001656099563640845
CCL18,0.00016470714631294052
HM13-AS1,0.00016397408857931467
IL20RB,0.00016369969165411628
THNSL2,0.0001616074209595767
BEX1,0.00016123198393546865
MGC39545,0.0001611768345817749
LINC01419,0.0001608090022328612
LOC101927848,0.00016056474428257874
CTAGE1,0.0001583242695726647
LINC01251,0.00015763158681750202
LOC102725101,0.00015495030156190481
LOC101927019,0.00015470752838148483
PGAM1P5,0.0001531504120004058
CXorf58,0.00015184418494891606
CLCN1,0.0001513601498582833
SNORD35A,0.0001501144964750698
LOC102723342,0.0001500265589202709
SCN1B,0.0001499725719444455
RAB26,0.00014992161091539704
NUPR1,0.00014981671619988753
RTDR1,0.00014966135189527468
TSSK3,0.0001486717017731097
SAMD11,0.00014858672330800868
ZFP42,0.0001483616401180953
MIOX,0.0001481243625549284
WIF1,0.00014706236897409978
XRCC6P5,0.00014686235684240295
LOC283683,0.00014677077049612223
CRLF1,0.0001463622850594625
LOC102723885,0.00014580926501028935
ALPK3,0.00014577114931612286
GLI1,0.00014575402097126783
IL1B,0.0001455964719759214
ZNF676,0.00014478532401932038
SNORD56,0.00014379707200684895
MBOAT4,0.00014316567883341646
LOC102724334,0.00014173225705514696
VSIG2,0.00014076701588672355
TVP23C-CDRT4,0.00014029098794166318
LOC101929463,0.00013934219846441093
LOC101929410,0.0001390190563777739
LOC101929666,0.0001387982567751831
LOC644554,0.00013878015744383872
CLDN10,0.00013832104353147685
LOC101928349,0.0001383111685446092
PLA2G1B,0.0001379644170179007
SNORD116-26,0.0001377047686026726
TPTEP1,0.00013687334921021402
TNNT3,0.00013604417178156533
LDB3,0.0001356921095626677
TOP1P2,0.0001355873718862384
SNORA2B,0.00013556135143440602
FAM20C,0.0001349607009703239
DPH3P1,0.00013342263758659185
MKRN9P,0.00013328377023735563
MT1IP,0.00013304325749593143
LOC101930508,0.0001317015451548688
LINC00882,0.00013038322978923964
LOC101929500,0.00013030863949537922
IL31RA,0.00013005952975198818
BMP8B,0.00012979644218090336
ARMC4P1,0.0001291927442349058
ZNF716,0.00012871061947849588
LOC101928203,0.00012867801908920249
ZNRF3-AS1,0.00012867093477916618
ANKRD24,0.0001281060005444808
SEMA3E,0.00012752241376210306
MS4A2,0.00012713342980792818
BTF3P11,0.00012685817263188598
LRRC37A6P,0.0001249107822667761
PLGLB2,0.00012484698652607753
TRNV,0.00012396091522430576
MUC4,0.0001236230447194631
LOC102723408,0.0001235966676965427
PLAC8L1,0.00012354272569624803
ACTA1,0.00012342663420978906
CA9,0.00012339422954199636
LOC101929713,0.00012301871954090396
LOC101926969,0.0001228773086204479
TAS2R43,0.0001226668984231824
SULT1A2,0.00012229322664535287
TEN1-CDK3,0.00012171113918204648
LOC102723588,0.00012088768628975129
LOC101927905,0.00012041523675726141
C19orf18,0.00012026869735613721
CCL17,0.00012011167675110775
FAM95C,0.00011788089319996156
HSPA4L,0.00011696071023868913
FAM35DP,0.00011670674710004448
ADORA2A-AS1,0.00011556662028369852
FER1L4,0.00011550441618026592
TAS2R14,0.0001153835330388719
AR,0.00011503282412734199
RNF216-IT1,0.00011452951757028891
KLRF2,0.00011324960842112468
SPATA31C2,0.00011264519271415459
TINCR,0.00011256147425673247
PRG2,0.00011240716026643849
SCN4B,0.00011037587454400144
LOC101930378,0.00011037440622860141
LOC101927241,0.00010960860007325505
LOC101929017,0.00010931176826792932
SNORD3C,0.00010886325195314391
H2AFB2,0.00010841345138199811
FMOD,0.00010778377455333643
CLEC18C,0.00010776495388145227
TMEM130,0.00010755448456359185
C14orf37,0.00010748624461692321
AMH,0.00010727372085838987
HSD52,0.00010701808710105952
LINC00923,0.0001069613178199714
LOC375196,0.00010583595002135772
FAM131C,0.00010581662359125932
LOC401127,0.00010484247593985451
CXCL1,0.00010479565156266572
LOC102725352,0.00010477413351363904
LGALS12,0.00010449833686216833
LOC102724084,0.00010292867121106153
LCN12,0.00010209579874523131
LOC100505774,0.0001019833587637971
LOC100996643,0.00010168583021302283
GeneID:101928822,0.00010161439821610898
LOC102723520,0.00010159761628098972
LOC102724238,0.00010103637835365494
NKX2-3,0.00010030953047642238
DDIT4L,9.972229207354998e-05
SKIDA1,9.92137122365592e-05
LOC101928521,9.908510461993718e-05
LOC102723708,9.895069302366225e-05
CIDEC,9.86743187916921e-05
WNT6,9.859808393926173e-05
LOC100506674,9.815305504675622e-05
SYP-AS1,9.797421663280873e-05
DRD4,9.772705253578298e-05
RUNDC3A,9.732954349574578e-05
LOC101060216,9.660485525227593e-05
MIR636,9.624261412970243e-05
GeneID:102724189,9.556247787328966e-05
LOC101929374,9.542858635349804e-05
GOLGA8R,9.541695899524705e-05
LOC101928431,9.530015840805898e-05
C17orf98,9.513431174484176e-05
LOC101929021,9.482457109618251e-05
WISP1,9.464311567215119e-05
LOC284080,9.412862793258678e-05
NDUFC2-KCTD14,9.410981095573979e-05
STC1,9.405728784972281e-05
ZNF732,9.322050049199875e-05
ANP32D,9.300770330071397e-05
LOC101927684,9.27810164646638e-05
SLCO1A2,9.179572481927616e-05
LOC101929440,9.106041316348763e-05
SCARNA12,9.055380601447216e-05
LOC102724995,9.048489079975859e-05
KCNK17,9.023919669244658e-05
CXCL17,9.021192362300964e-05
PAPOLB,9.008074980306505e-05
LOC100289656,9.00138696300792e-05
VIT,8.983563581659054e-05
APOC1P1,8.943619860222908e-05
LOC102725414,8.940064125943114e-05
MRAP,8.861689061789228e-05
ELAVL4,8.84942190785024e-05
LOC102723817,8.730108972506517e-05
TRPM2-AS,8.642895818200057e-05
LOC101927595,8.624284724206034e-05
TMEM31,8.615158767563035e-05
LIMS3L,8.582453254461806e-05
ZNF559-ZNF177,8.547906134829297e-05
CA13,8.538814911535806e-05
GLYCTK-AS1,8.536821023284684e-05
MAP1B,8.50328163266751e-05
HES2,8.490907230274327e-05
DLG2,8.487854390554941e-05
SNORA69,8.464266566451015e-05
LOC101929094,8.416068316703173e-05
RAB36,8.412809201533127e-05
CASQ1,8.375967556186813e-05
PTGDS,8.363014915115694e-05
DNAJC22,8.339399251216004e-05
LEPREL1,8.30934862232971e-05
BOLA2,8.221712640299769e-05
PABPC1P2,8.19022487288968e-05
PRSS3,8.160473518921108e-05
C2orf50,8.139804681814669e-05
SCGB1B2P,8.114547001126458e-05
PGAM2,8.110124226372016e-05
DISC1FP1,8.093506720407344e-05
SLC7A10,8.074262966765894e-05
HBQ1,8.068158811529958e-05
FBXO27,8.054874413854892e-05
LOC101930461,8.021631780911361e-05
LINC00548,8.010749157404296e-05
PFN1P2,7.864694776098133e-05
OSBPL6,7.839661199414984e-05
ERICH2,7.833513003954639e-05
UNC5B,7.767224591173424e-05
SNORD76,7.709512544442417e-05
LOC102724971,7.652920093977416e-05
LOC101930438,7.624271731701516e-05
LINC00514,7.585198930529059e-05
LOC729652,7.571778555485713e-05
LOC101929330,7.53649168940946e-05
RNF103-CHMP3,7.535455600983757e-05
KREMEN1,7.532852077785646e-05
FAM27C,7.516358447942485e-05
LOC102723360,7.458141936260269e-05
ABCA6,7.424748591987695e-05
TFAP2A,7.389824948066389e-05
LOC101927805,7.368791872669779e-05
RTN4RL1,7.339012644264467e-05
PTPRB,7.257936969810526e-05
INE2,7.199263382028953e-05
ITGAD,7.105734023540301e-05
CCDC108,7.105699128532918e-05
TPD52L1,7.103277770667856e-05
H2BFXP,7.059909488771862e-05
TSPAN12,7.010387728396421e-05
PLCD4,7.003690976069633e-05
LOC101927418,6.92899210440766e-05
LHB,6.908541551622719e-05
RAET1G,6.868057430998774e-05
CLC,6.865129414254176e-05
LOC100506321,6.861071847737164e-05
ZNF32-AS1,6.860859608265554e-05
LOC286297,6.850121859083482e-05
FAM171A2,6.844430993756301e-05
LINC00377,6.816280168236894e-05
LOC101930079,6.794521572289689e-05
LOC102724065,6.712479183733128e-05
LOC101927851,6.676493031870269e-05
LOC100288123,6.674939961554903e-05
LOC101929751,6.673040573879699e-05
NOXO1,6.648631897265894e-05
SLC45A3,6.612657200018299e-05
CASC14,6.597714654408018e-05
LOC101927492,6.569349701483941e-05
NPIPB6,6.536004438882692e-05
GeneID:145663,6.499452900143094e-05
TMEM132A,6.403965749297787e-05
HIST2H2BA,6.372520243875462e-05
MIR6789,6.36819368442513e-05
LOC100996318,6.335813652138133e-05
SLFNL1,6.310895891776643e-05
FAM230B,6.286031986582072e-05
SUSD2,6.284582585153633e-05
TRAM1L1,6.207850565470482e-05
FLJ46363,6.153714737381644e-05
RBPMS,6.151843755304772e-05
HIST1H3E,6.148410696259405e-05
LOC100506737,6.058793111976972e-05
DEFB1,6.021337998082593e-05
PLCH1,6.0136408661297315e-05
PERM1,6.00054574673429e-05
LOC102724075,5.981818466914889e-05
LOC101928609,5.966112711374762e-05
BGLAP,5.943738152729394e-05
FERMT2,5.91793150498592e-05
FLJ40194,5.880334270723946e-05
ZSCAN10,5.8716452060397e-05
LOC339807,5.859671622804785e-05
NUTF2P4,5.781129912474012e-05
HES7,5.682708457547403e-05
SLC2A12,5.667976788863772e-05
GGT8P,5.649083694250849e-05
LINC01205,5.6483365577327424e-05
PLA2G2C,5.641242594411802e-05
PPP1R27,5.629617222243282e-05
GATA2,5.627765454359754e-05
FLJ42258,5.593774530198997e-05
LOC101928093,5.568019012532522e-05
LOC100499484-C9ORF174,5.538100111721749e-05
CECR2,5.519987963217145e-05
SNORA11,5.511527517411515e-05
LOC100505978,5.4760093073667254e-05
HNRNPUL2-BSCL2,5.379703151530131e-05
CRHR1,5.313720087384004e-05
LOC102723679,5.309962419322239e-05
LCNL1,5.293161270009645e-05
TRNP,5.25008217096107e-05
GPR75-ASB3,5.1982498059572214e-05
FAM186B,5.142992718835646e-05
FAM35BP,5.137619973115813e-05
RBP5,5.081020871583885e-05
WFDC21P,5.0068571336817276e-05
IL22RA2,4.980706524164617e-05
PSCA,4.918150653192332e-05
LOC101930333,4.894935196460376e-05
DNAJC12,4.89439008610017e-05
CHSY3,4.875325818889812e-05
HEYL,4.8708651238162953e-05
LOC101928635,4.8563348519795444e-05
SRSF12,4.856104374035346e-05
WDR72,4.8548235355843304e-05
B4GALNT4,4.850652392861951e-05
DNAAF1,4.783842333206632e-05
GPR158,4.776564218470156e-05
SUMO1P1,4.776138642562773e-05
LOC100499484,4.743377242024172e-05
LOC101929679,4.711945639179242e-05
PRR5-ARHGAP8,4.6904844475371863e-05
ASPDH,4.628360711163282e-05
C1QTNF4,4.5343593347686715e-05
OTOA,4.524617369239547e-05
RARRES2,4.5123387606852954e-05
SCARNA3,4.490511806550232e-05
SLC39A5,4.47850958677716e-05
LOC101928058,4.46087899399324e-05
LOC729080,4.42937824776505e-05
GNAZ,4.362001369406083e-05
RNU6-42P,4.293931763951507e-05
MEIS3P1,4.2821275981713654e-05
GPR64,4.2621524119198296e-05
SNORA55,4.2263155395591053e-05
LOC102724147,4.224174080760545e-05
MS4A6E,4.220283021856526e-05
LOC100507387,4.206459241128886e-05
TTC23L,4.180023005237642e-05
CDK3,4.123382149785563e-05
SCARNA8,4.097898956359368e-05
GAL3ST1,4.078320062845552e-05
FGF8,4.073294442774942e-05
KLK14,4.051033414146977e-05
GAPDHS,4.04076245785735e-05
LOC101927169,4.034687585791078e-05
GATSL2,4.007829099525914e-05
ECM2,4.0064464166125825e-05
PSPN,3.9869663364758944e-05
WDR17,3.961365946862593e-05
VWA1,3.9479805822965415e-05
INTS4L1,3.946548385884977e-05
GRIN1,3.893377539850081e-05
LINC00545,3.888610941885897e-05
HBE1,3.846602803176427e-05
LOC100129138,3.843469781150201e-05
CAPN11,3.825069234993577e-05
SLC4A1,3.818653680499167e-05
KL,3.800648826636722e-05
RBFOX1,3.7336894874792685e-05
C16orf71,3.725092221375001e-05
LINC01180,3.693519629767614e-05
ONECUT3,3.656147284706101e-05
LOC102724369,3.649906828786131e-05
HBG2,3.6095465842836974e-05
PRSS2,3.6079462636803735e-05
GPR161,3.605451790267082e-05
FLJ46026,3.5626887092734584e-05
LOC100507487,3.424221994443655e-05
LOC100287852,3.4199953337876234e-05
C1orf192,3.366621168331813e-05
SNORA70G,3.3638838847877295e-05
LOC284577,3.359250677665799e-05
C10orf131,3.3423977054567334e-05
LOC101927823,3.3316103215330215e-05
MAP1LC3C,3.331431897425118e-05
ELK2AP,3.2814675584683954e-05
ZFX-AS1,3.260724127798853e-05
LINC00485,3.23695473880542e-05
LOC101929159,3.225448947277688e-05
CA4,3.219248674887067e-05
LOC100506159,3.170672977091131e-05
CEACAM19,3.140537362349661e-05
TDRD1,3.139200128393662e-05
EPHA10,3.105807338376666e-05
HNRNPA1P33,3.1046114395928616e-05
STRC,3.104367751890739e-05
LOC101930630,3.097031440318654e-05
LOC101927486,3.0861272008440763e-05
LOC102724272,3.036502112488584e-05
LOC101929290,3.0255801368355346e-05
LINC01372,2.9936984784618933e-05
DNM3OS,2.93250621477349e-05
APCDD1,2.9249321275587735e-05
DPY19L2P3,2.9117552554656906e-05
MINOS1-NBL1,2.9078756511769344e-05
LOC101927539,2.894648526578183e-05
BMPR1B,2.8932288009171064e-05
AMY2A,2.8912171302995474e-05
HNRNPCL2,2.8296777640559034e-05
RAP1GAP,2.8188457625582247e-05
LOC102723744,2.8151510948804048e-05
LOC102723746,2.6895006165147663e-05
TOMM20L,2.6756225649285216e-05
CLEC18A,2.6723866823047546e-05
MIR5006,2.6677861762618807e-05
DNAH2,2.658833285922873e-05
LOC102725150,2.6424382211965294e-05
LOC101928701,2.6170374270994823e-05
TP53TG3,2.613878355061126e-05
LRRC3DN,2.610175096421859e-05
OLIG1,2.596780124759136e-05
RNU2-1,2.5955942025757213e-05
PTN,2.594907387539603e-05
LOC101928879,2.5768164854987925e-05
ECT2L,2.567471205305088e-05
POTEI,2.541871502737762e-05
LINC01285,2.5134282150254366e-05
FAM47E,2.4964238386678575e-05
LOC102723722,2.4749004318372574e-05
SDS,2.31094123980034e-05
LOC101928671,2.304556815994184e-05
LOC101928891,2.2982498494049463e-05
C21orf90,2.2893423156473423e-05
GGT3P,2.2842934168424886e-05
C19orf81,2.257799076491565e-05
KRT85,2.2511049623816316e-05
LOC101929549,2.246238413661687e-05
ARSE,2.2348911392290427e-05
RIMS1,2.225519139297719e-05
OR2L1P,2.205596884453809e-05
C10orf90,2.1824343591294783e-05
NAA11,2.1780400361613343e-05
EPB41L1,2.1617463309236767e-05
LOC101929451,2.141549511723196e-05
MPL,2.0911641694676017e-05
CRYBB3,2.0584087733644214e-05
LINC01467,2.0344824838546668e-05
LOC101928880,2.02665824262276e-05
PANX2,2.0262074480866123e-05
LOC101927768,1.9646501609126378e-05
C9orf173-AS1,1.8127608540171797e-05
HBM,1.8025469398640424e-05
CCDC116,1.793513959594125e-05
LOC102725365,1.7716609554469316e-05
HNRNPKP3,1.7697149641152744e-05
CCL15,1.7534911643622953e-05
SNORD101,1.7437257353470673e-05
RHOBTB1,1.7200975891498984e-05
LINC01447,1.7195119719445895e-05
LOC101928295,1.7191808966131237e-05
LOC101929199,1.717166362341749e-05
TCTE1,1.7143132393820243e-05
LOC101927723,1.713406662009534e-05
LOC102724738,1.7046459136039662e-05
LRRN4CL,1.6930869135408197e-05
LOC101929482,1.6670374556665538e-05
LOC101928885,1.6621690594280182e-05
SGCA,1.647739754482253e-05
ZBED3-AS1,1.614340036270542e-05
LOC389607,1.600979012761924e-05
KCNJ2,1.5946063206988196e-05
SIRPD,1.5803951153226945e-05
GRHL2,1.5747236027527516e-05
LOC101928197,1.554447825226498e-05
C9orf117,1.542602275029923e-05
MIR548D2,1.5210578064873882e-05
LOC102725432,1.4981288075129309e-05
LINC01475,1.4961466048168949e-05
NCRUPAR,1.486581908696554e-05
ART3,1.435959991685412e-05
LOC101928426,1.434285770338457e-05
MEP1B,1.4104193404310436e-05
LOC100506901,1.4035959923956858e-05
ELOVL7,1.4035020460753453e-05
POU6F2-AS2,1.3503866717861365e-05
TFAP2A-AS1,1.3133036943239034e-05
LOC100506082,1.3040771864816027e-05
ID4,1.2958640425863391e-05
GOLGA8H,1.1797015594520466e-05
LOC101930466,1.1618497551843597e-05
GeneID:400454,1.1540490236265204e-05
CD164L2,1.1421776543576396e-05
LOC102723977,1.1326816859288754e-05
GNB3,1.125850485939507e-05
CYB5R2,1.1180508167048573e-05
TSPEAR-AS1,1.0769829725821591e-05
NACAD,1.0638569072503224e-05
LOC100129617,1.0531954317185715e-05
IFITM5,1.0480552654953339e-05
SNORD12,1.0159568470030308e-05
PRR15,8.87268863322309e-06
LOC102724951,8.808625926088174e-06
LOC101930269,8.689885906259448e-06
FOXH1,8.664163828679466e-06
EFCAB12,8.06828550511732e-06
LOC101926893,7.898174307112965e-06
LOC101930240,7.852489791159725e-06
LOC101927897,7.678025839355519e-06
LOC101929070,7.5952283699509084e-06
DUXAP10,7.424189717613988e-06
FAM95B1,7.378537533236085e-06
APOOP5,6.555711873502461e-06
LOC101928438,6.444788242951631e-06
OR2A20P,6.1635728194542e-06
LOC100288748,5.79310885351284e-06
BAALC,5.7229128465362185e-06
TBC1D3C,5.649714159969949e-06
KCNQ4,5.123568116218142e-06
MLXIPL,5.116628374511566e-06
RBFADN,4.924044422248744e-06
LOC101930503,4.876604763634272e-06
MRO,4.830662056957971e-06
SPATA45,4.753842233953795e-06
TPTE2,4.58459382713133e-06
HOXC-AS2,4.44799511525467e-06
HOXB13,4.03852599041526e-06
CREG2,3.742707779976389e-06
HSPB8,3.6702949816306683e-06
LOC401052,3.5024497651778923e-06
LOC285819,2.7401601305292305e-06
LOC101927894,2.2445755083661005e-06
FAM84A,2.242659003719827e-06
RNU6-31P,2.0685628741031824e-06
XX-CR54.4,1.8985118359229398e-06
LOC101927830,1.8246884571331667e-06
PXDC1,1.4604612520745962e-06
MYEOV,9.815024497097966e-07
CXCL5,9.176024396807799e-07
HHIP-AS1,4.1106183020204377e-07
CA5A,3.48065458836259e-07
CST1,9.779331095048432e-43
DKK4,3.18388806035776e-43
CST4,1.898447121845686e-43
RAB3C,1.5568902854436279e-43
LOC101927129,1.2991403227922809e-43
SLC30A8,1.2506078433397368e-43
LINC01185,1.1758389146778825e-43
LOC497256,1.0173716996486414e-43
LOC283682,9.624968483108855e-44
FGF19,5.74686998807029e-44
DLX5,5.074331857702904e-44
ESX1,4.980729533277264e-44
SNHG23,2.9379836781785056e-44
CCL2,0.0
ARHGAP44,0.0
MCM8-AS1,0.0
LOC101928967,0.0
TRNA,0.0
TRPM3,0.0
C9orf135,0.0
GeneID:100506454,0.0
GP1BA,0.0
WSCD1,0.0
GXYLT1P3,0.0
RFPL3,0.0
RCVRN,0.0
HORMAD2-AS1,0.0
LOC100128006,0.0
GOLGA8S,0.0
LOC102723335,0.0
LINC01006,0.0
IL3,0.0
LOC646903,0.0
CYTL1,0.0
HTRA3,0.0
FAM86KP,0.0
EMID1,0.0
SUCNR1,0.0
MIRLET7DHG,0.0
LOC102724835,0.0
PCDH17,0.0
LIFR,0.0
GPX8,0.0
HSFX2,0.0
LOC102724862,0.0
SLC35G3,0.0
LOC101929229,0.0
SMIM2-IT1,0.0
MYH15,0.0
ADAD2,0.0
CCL1,0.0
RASL10A,0.0
CLEC3B,0.0
PRSS44,0.0
RPS4Y2,0.0
CELSR3-AS1,0.0
CITED1,0.0
ASB12,0.0
LOC102724630,0.0
KCNE2,0.0
H2AFB1,0.0
TPRG1-AS2,0.0
TUBA3C,0.0
GOLGA8K,0.0
RNU6-59P,0.0
GRIK1,0.0
GGTLC1,0.0
KCNJ6,0.0
FGD1,0.0
LOC102724302,0.0
APOD,0.0
LOC101928745,0.0
FOXD4,0.0
LOC101927603,0.0
FGFR4,0.0
HUNK,0.0
LOC101927163,0.0
LOC101930370,0.0
SPATA4,0.0
ANKRD18B,0.0
ELN,0.0
AQP7,0.0
MGC16142,0.0
LOC102724192,0.0
KRTAP5-9,0.0
STK31,0.0
SRMS,0.0
SLC22A14,0.0
GABRA4,0.0
GRM2,0.0
LOC102724626,0.0
PTPRG-AS1,0.0
LOC102724841,0.0
LOC102723589,0.0
RPS4Y1,0.0
RCOR2,0.0
CST6,0.0
TENM2,0.0
VCAN,0.0
LOC100509853,0.0
AQP1,0.0
DSG3,0.0
LOC284600,0.0
ALMS1P,0.0
DCTN1-AS1,0.0
CHMP4C,0.0
LOC101927039,0.0
GREB1L,0.0
GRM4,0.0
BLACAT1,0.0
LOC101930405,0.0
TRPM4,0.0
SCARNA9,0.0
BHMT,0.0
COLCA1,0.0
LOC101929227,0.0
LMO1,0.0
LINC01356,0.0
MS4A15,0.0
MS4A10,0.0
SCGB1A1,0.0
LOC149351,0.0
LOC100101148,0.0
LIMS3,0.0
HMX2,0.0
LOC729930,0.0
LOC285766,0.0
SNORA1,0.0
STMN4,0.0
SIX3,0.0
SFTPC,0.0
CALML6,0.0
LOC101929181,0.0
TFAP2D,0.0
GSTA1,0.0
TDH,0.0
BVES,0.0
RNU6-39P,0.0
LINC-ROR,0.0
SNORD117,0.0
LOC101929204,0.0
AARD,0.0
MAPK15,0.0
SNORD30,0.0
LOC101928572,0.0
ADCY10,0.0
LINC00907,0.0
LOC102724497,0.0
LOC102723467,0.0
LOC100509620,0.0
TEKT4,0.0
LOC102724486,0.0
LOC101927271,0.0
LUM,0.0
CYP21A2,0.0
PRR4,0.0
ABCC9,0.0
RASSF8-AS1,0.0
RASSF8,0.0
LOC102723421,0.0
INSM2,0.0
LOC101929908,0.0
IGBP1P1,0.0
CTSG,0.0
LOC102724537,0.0
FDCSP,0.0
ALB,0.0
GNG12,0.0
TTYH1,0.0
SPEF1,0.0
CTAGE15,0.0
ST7-OT3,0.0
GSN-AS1,0.0
TUBB8,0.0
BEAN1-AS1,0.0
LOC102724118,0.0
C17orf82,0.0
TBC1D3P2,0.0
GH1,0.0
LOC101928910,0.0
LINC01170,0.0
LOC101928982,0.0
SNORA5C,0.0
SNORD55,0.0
SLC6A9,0.0
RHBDF1,0.0
LOC101929124,0.0
SNORD60,0.0
AGAP11,0.0
CYP2C18,0.0
NWD1,0.0
OR7D2,0.0
LOC101929781,0.0
MOG,0.0
SFTA2,0.0
LOC101930591,0.0
PPIAL4D,0.0
OR2L2,0.0
SYT3,0.0
ZG16,0.0
SNORD35B,0.0
LINC00637,0.0
LOC102724190,0.0
LOC102724156,0.0
AMHR2,0.0
LOC100128770,0.0
RNU6-9,0.0
PTF1A,0.0
FZD8,0.0
LOC339529,0.0
