gene,importance
NKG7,0.08918505
EEF1A1,0.017778054
GZMH,0.017651342
CCL4,0.011453542
SELL,0.011081209
CCR7,0.008636957
XCL1,0.008248874
CXCR6,0.007849557
PASK,0.0065062908
HOPX,0.006464978
GZMB,0.0063249003
ZNF683,0.005692313
CD8A,0.0052962466
DUSP4,0.005239102
CST7,0.004174148
XCL2,0.004014752
RGS1,0.0038705084
KLF2,0.0038355247
ANKRD28,0.003713141
RTKN2,0.003544169
FOXP3,0.003531544
PTMS,0.0034679894
TNFRSF4,0.0034357135
IFNG,0.0032687616
CXCL13,0.0032559414
LOC101928152,0.0031958737
CH25H,0.0031142023
HLA-DRB5,0.0030611844
LOC101929531,0.0030378383
GZMK,0.003008231
IL7R,0.0029904626
CCL4L1,0.0029235296
METTL12,0.0026869974
LAG3,0.0026818274
LGALS1,0.0025846143
ID3,0.0025760368
REREP3,0.0025634093
LOC101060038,0.002519392
GNLY,0.0025010111
HHIPL1,0.0024525858
LOC101059954,0.0024349126
KLRC4,0.0023383086
TNFRSF18,0.0022976827
CD9,0.0022973868
NBL1,0.0022780981
FGFBP2,0.002235771
DUSP2,0.002221769
RPS26,0.0022011097
MYC,0.002197673
DUSP1,0.0021683883
HSPA7,0.00215465
PHLDA1,0.0021426873
KLRB1,0.0021306993
KLRD1,0.002106539
KLRC2,0.0021028249
FXYD1,0.0020840196
FXYD5,0.0020808233
CDYL,0.0020313056
RPS4Y1,0.0020303356
SNORA78,0.0020154861
CSF1,0.001996902
CD7,0.001981174
AREG,0.0019788493
CD40LG,0.0019343718
ICA1,0.0019237633
TAF10,0.0019136737
PRR5,0.001912773
CPA5,0.0019095566
SMIM3,0.001896965
HIST2H2AA4,0.0018917496
DDTL,0.001859839
RPS10P7,0.0018467653
MAF,0.0018433039
SPSB1,0.0018399813
RNU4-2,0.0018349696
PDXP,0.0018219493
KIR2DL4,0.0018159356
MIR4435-1HG,0.00181528
LAIR2,0.0018065713
ACTB,0.0018047818
CCL20,0.0018016989
IFITM3,0.0018013901
PAM16,0.0017961323
RNR2,0.0017847028
CD74,0.0017800853
KLRC1,0.0017796352
TMEM191A,0.0017771331
KLRC3,0.0017740582
LYST,0.0017604041
LOC100996809,0.0017581666
TEKT4P2,0.0017579152
IGFBP4,0.0017562599
CCL4L2,0.0017526322
ATP5EP2,0.0017334466
RRM2,0.0017316346
ITM2C,0.0017192081
CTLA4,0.0017173646
RASD1,0.0017125311
MRGBP,0.0017085378
NENF,0.0017081837
HLA-DRB4,0.001706881
CMC1,0.0017059204
DMTN,0.0017025566
CLTB,0.0017017626
NACAP1,0.0016983912
PYCARDOS,0.0016961137
SOX4,0.0016769074
MAGOH2,0.0016703027
NMB,0.0016700475
NCR3,0.0016640698
LOC642441,0.0016628721
CHCHD10,0.0016622167
CD8B,0.0016505772
STX1A,0.0016493835
DDAH2,0.0016485121
BLOC1S1,0.0016407671
MZB1,0.0016367229
LINC00623,0.0016344858
NMT1,0.0016327811
LINC00152,0.0016321972
MRPS24,0.0016316802
PAGE5,0.0016316118
RPS18P9,0.0016315847
NPIPB3,0.0016292853
TESK1,0.0016052792
SGK1,0.001604873
TRMT5,0.0016038516
ZNF771,0.0016018052
ZNF331,0.0016014915
CD70,0.0015950841
CCDC102A,0.0015870979
FCER1G,0.0015839553
SNURF,0.0015794839
KRT86,0.0015735464
PDE7B,0.001566504
RNVU1-6,0.0015597316
TMEM161B-AS1,0.0015574025
SNHG9,0.0015561855
SPON2,0.0015525101
LINC01353,0.0015479655
DBH-AS1,0.001544424
DNPH1,0.0015439077
CD81,0.0015422329
PDCL3P4,0.0015393943
POLR2J,0.0015387214
HLA-DRB3,0.0015340538
MYBL1,0.0015339318
IFNL1,0.0015240589
LOC643733,0.0015233335
BATF,0.0015225214
NPIPB4,0.0015141449
IFI27,0.001511042
EIF3CL,0.001508249
ID2,0.0015073457
PPP1R2P9,0.001505895
NACA2,0.0014969443
FXYD2,0.0014947837
ACP5,0.0014938161
FAM24B,0.0014905543
LOC554223,0.001484997
RHOB,0.0014844409
OTUD5,0.0014753698
TPGS1,0.0014750073
LINC00861,0.0014737876
RNU5E-1,0.0014682837
C1orf228,0.0014670654
SH2D1B,0.0014644782
LOC102724105,0.0014622193
CPNE7,0.0014617895
HLA-J,0.0014612017
LOC100996756,0.0014568403
ODC1,0.0014532283
CAPG,0.0014493787
RAB24,0.001447094
JUND,0.001440567
JUNB,0.0014371574
CRTAM,0.0014355533
IL2RA,0.0014344809
RNU5A-1,0.0014265395
IL1R2,0.001425941
GeneID:102723863,0.0014227799
TYROBP,0.0014227441
MAP1LC3A,0.0014212087
UBALD2,0.0014195814
CHMP1B,0.0014137556
ANXA2R,0.0014115127
GIPC1,0.001409628
RGS16,0.0014091516
PTTG1,0.0014032718
HLA-G,0.0014031493
LINC01480,0.0014024685
ABCD4,0.0014023568
CAPN10,0.0014019815
IGFLR1,0.001401368
RPL19P12,0.0014004904
H1FX,0.0013975286
CD69,0.001397427
GLRX5,0.0013904116
P2RX5-TAX1BP3,0.0013901513
SYNGR3,0.0013886378
C12orf60,0.0013875914
FBXL6,0.0013868321
GTPBP6,0.0013865186
KLRK1,0.0013862876
GLI4,0.0013852152
AGTRAP,0.0013846919
NPIPB5,0.001380666
RPL23P8,0.0013788292
FOS,0.0013762446
CD83,0.0013760563
GCHFR,0.0013711051
HSPH1,0.0013699181
RN7SL1,0.0013678342
YPEL3,0.0013666148
HIST1H4C,0.0013661535
LOC101930071,0.0013640014
PDCD1,0.0013602083
NAALADL1,0.0013579937
DNAJB4,0.0013557051
TMEM191B,0.0013552097
GNG8,0.0013543067
MAGEH1,0.0013523505
TUBB2A,0.0013507883
LINC01252,0.0013498678
TYMP,0.0013486394
KMT2E-AS1,0.0013450086
ZNF578,0.0013411631
C17orf96,0.0013384824
PCSK1N,0.0013375646
NCF1,0.0013374463
ARL16,0.0013359381
SMIM4,0.0013337905
RFNG,0.0013324725
RNF220,0.0013320323
BRICD5,0.0013298368
B3GALT6,0.0013281665
CCL3,0.0013229332
MEF2BNB,0.0013155573
KIAA0101,0.0013116183
SIRPG,0.0013103134
ANXA2P2,0.0013103014
LOC100996919,0.0013091795
TXNL4A,0.0013083301
MT1F,0.0013039935
IFI30,0.001302215
SRM,0.0013002761
ZBED2,0.0012990572
AMICA1,0.0012987639
FAM159A,0.001298478
SFTPC,0.0012961843
MMP24-AS1,0.0012959652
PMAIP1,0.0012959545
METRNL,0.0012950165
LOC101928173,0.0012947533
IZUMO4,0.0012918793
SAP25,0.0012901465
PPP1R35,0.0012878708
TNFRSF9,0.0012858714
SECTM1,0.0012823166
PGLYRP2,0.001277953
PTPRA,0.0012778933
LMO4,0.001277681
GEM,0.0012774717
FBXL22,0.0012708548
NFKBID,0.001270458
CYB5D2,0.0012685797
GADD45B,0.0012662958
LOC606724,0.0012660166
HILPDA,0.001265464
IGFL2,0.0012630563
LOC102724017,0.0012605421
LOC101060400,0.0012603184
MIB2,0.0012601444
CST3,0.0012597488
EIF5AL1,0.0012575642
SLC38A2,0.0012559791
LOC101929786,0.0012550624
CEBPB,0.0012541777
BLOC1S4,0.0012541502
MT2A,0.0012531603
RMRP,0.0012490208
ZNF296,0.0012486628
RPS26P11,0.001248292
HOXB-AS1,0.0012481094
CRIP2,0.0012469603
LOC441454,0.001246661
HLA-L,0.0012463066
MAP1LC3B2,0.0012423877
CPA3,0.0012414496
STMN1,0.0012365767
CSF2,0.001236112
LOC101060363,0.0012350987
PPIAL4B,0.0012293607
LTA,0.0012284176
CCDC61,0.0012283152
SNF8,0.0012272709
APOA1,0.0012270926
LOC644936,0.0012262692
LOC101929561,0.0012235143
SOCS3,0.0012218328
SMARCD3,0.0012202271
CBWD5,0.001219509
COX1,0.0012193129
SPATA33,0.0012190986
LOC100996740,0.0012178916
LOC100288778,0.0012178312
PIN4P1,0.0012135138
SRSF9,0.0012111294
LOC613037,0.0012092761
CKS2,0.0012088611
BRI3,0.001207907
LOC101928353,0.0012042979
DUSP5,0.0012036985
GOLGA6L5P,0.001202589
LOC100506248,0.0012017019
MT1L,0.0011987694
HIST1H1E,0.0011985726
CDKN1A,0.0011973891
CARD16,0.0011936546
SCARNA5,0.0011926127
LOC100653296,0.0011908557
FMO5,0.0011908407
CFAP20,0.0011899846
TNF,0.0011862646
PIM3,0.0011806505
SNHG15,0.001179753
LOC101929289,0.0011789423
HLA-DQB1,0.0011787089
IER5L,0.0011778325
FAM89B,0.0011765974
TTC39C,0.0011751191
FAM173A,0.0011743462
CLIC3,0.0011740682
HNRNPA1L2,0.0011730213
H3F3C,0.0011682459
MT1X,0.0011660875
DGCR6L,0.0011658128
ZNF414,0.0011620527
LOC100996747,0.001161821
CENPV,0.0011613236
KLRG1,0.0011605783
RPL39L,0.00116003
IL10,0.001159859
LOC115110,0.0011575043
CORO1B,0.0011543483
LOC102288414,0.0011538761
PPP1R14B,0.0011528499
SPRY1,0.0011523765
RGCC,0.0011520638
AARSD1,0.0011511899
LINC01260,0.0011504955
C5orf56,0.0011488888
MTRNR2L8,0.0011485106
LOC100507316,0.0011481758
FABP5,0.0011478531
HSPA1B,0.0011454051
ARL4D,0.0011445832
LMNA,0.0011445644
HIST1H2BJ,0.0011427171
BAG3,0.0011391387
CCL3L1,0.001134236
MT1E,0.0011340323
GRAMD1A,0.0011339987
LOC101927241,0.001132424
ID1,0.0011311576
LOC101929796,0.0011308062
NPIPA1,0.0011301452
EDARADD,0.001129382
PHLDA2,0.001128063
CD200,0.001127421
CLECL1,0.0011263763
H3F3A,0.0011259903
PVALB,0.001123704
TNFSF9,0.0011228982
TOB1,0.0011214416
TMEM244,0.0011205638
TIFA,0.0011202003
SAT1,0.0011189599
CHPT1,0.0011167241
P4HTM,0.0011158978
FANK1,0.0011149888
CD79A,0.0011147631
HSPB1,0.0011147469
DYNLL2,0.0011139204
MIR155HG,0.0011125613
ALKBH6,0.001112215
SELM,0.0011094331
SNORD22,0.0011086813
NDUFC2,0.0011086152
C8orf82,0.0011073687
HSPA1A,0.0011064244
LOC102725018,0.0011062466
BCL3,0.0011058913
HRAS,0.0011049644
KRT18,0.0011028757
LINC01089,0.0010998172
NDNL2,0.0010945974
C7orf55,0.0010945406
LOC730257,0.0010933729
NEU1,0.0010928038
IGLL5,0.0010922038
LOC102724614,0.0010909238
CAV1,0.0010898053
LOC101928402,0.0010896984
UGP2,0.0010887018
A1BG,0.0010879854
H2AFJ,0.0010879604
GAPDH,0.0010818512
BMS1P20,0.001081354
CISH,0.001080815
SUPT3H,0.0010799089
ASB2,0.0010770308
TIGIT,0.001076945
GADD45G,0.001075191
FAM50A,0.0010749712
LOC284454,0.0010743173
OPLAH,0.0010740786
TMEM107,0.0010657652
ICOS,0.0010625885
RPS14P3,0.0010597439
NCF1C,0.0010567867
LOC102725351,0.0010482066
NFKBIA,0.001047325
EGR2,0.0010467671
ZFAND2A,0.0010462212
ANKRD37,0.0010455576
LOC101929910,0.0010454557
LOC100996717,0.0010434882
H2AFX,0.0010430496
RNU4ATAC,0.0010370102
LOC101930154,0.0010350416
PVT1,0.0010342759
RNA45S5,0.0010303837
ATP5L2,0.0010299272
LOC102467081,0.0010297616
TMEM259,0.0010290077
LOC101927768,0.001028445
RPP21,0.0010281963
JUN,0.0010271427
NT5C,0.0010260468
CRSP8P,0.0010214434
ISG15,0.001021262
GPX1,0.0010200562
U2AF1L4,0.0010187441
NCF1B,0.0010154764
LOC101930085,0.0010154105
HAR1A,0.0010150926
LOC102724362,0.0010147733
PMCH,0.0010145245
LYZ,0.0010142156
AIM1L,0.0010135417
MS4A6A,0.0010085928
RNU2-2P,0.0010076
TUBB4B,0.0010071673
LOC643387,0.0010003175
LOC100996720,0.001000243
BRE-AS1,0.0009961587
GRK6,0.0009958029
SNORD3A,0.000992368
LOC646513,0.0009915789
SNHG7,0.0009885052
CEBPD,0.0009815049
SPNS1,0.0009814652
TUBA1B,0.0009790146
BAX,0.0009788206
LOC102724850,0.0009780416
SERTAD1,0.0009778967
LOC102724426,0.0009769024
STUB1,0.000976806
BAMBI,0.00097625866
LOC389705,0.00097439234
MBOAT7,0.0009728504
UBXN11,0.0009726652
DNAJB1,0.0009722446
SLC2A4RG,0.00097009493
ATF3,0.0009670544
TNFAIP3,0.0009668788
C1QA,0.00096572406
S100A8,0.00096526026
HSPE1,0.0009647964
CBX2,0.00096379
FOSB,0.0009620401
SOCS1,0.00095804187
GeneID:101928965,0.00095654407
IRF7,0.0009561453
PHPT1,0.0009553136
NPIPB11,0.00094945583
HLA-DMA,0.00094943284
IL21,0.00094939163
SUMO1P3,0.00094849797
HLA-DRB1,0.0009484706
CHN1,0.0009471958
IFI6,0.0009385549
UBE2S,0.00093572255
MIF-AS1,0.0009336797
SSBP4,0.00093282986
STRA13,0.0009311456
C4orf48,0.0009305755
NR4A1,0.00093015784
CITED2,0.00092624314
MIR181A2HG,0.0009243149
HLA-DRB6,0.0009234794
CRIP1,0.00092221965
DDIT3,0.00091931876
EGR1,0.0009190071
IGJ,0.00091740396
MUSTN1,0.00091502484
SLC25A53,0.00091258413
TSC22D1,0.0009104067
METTL8,0.0009097872
SYCE1L,0.00090694334
NUDT3,0.0009048912
LOC100233156,0.0009038983
MAP2K2,0.0009036064
UBE2C,0.0008961422
S100B,0.0008935633
LOC102723797,0.00089231983
ESAM,0.0008900044
LOC101930279,0.0008879508
MTRNR2L2,0.00088162767
IL22,0.00088111573
IFITM2,0.00087954075
NXPH4,0.00087481085
RGS2,0.00087140204
LIN7B,0.0008676133
NME3,0.0008623024
OXT,0.0008603082
TSR3,0.0008602332
OSM,0.00084428344
LOC100510707,0.00083717826
IER2,0.0008361111
RNR1,0.00083543034
LOC102723927,0.00083399075
MC1R,0.0008272684
LOC101927507,0.0008260298
GAS6,0.0008253274
HSPA6,0.0008246735
FTH1,0.0008235767
ECI1,0.00082294777
C10orf10,0.0008222282
IGFBP6,0.0008168994
MS4A7,0.0008137667
MT1DP,0.0008090585
LOC391722,0.0008080762
LOC100653247,0.00080806005
RNASEK-C17orf49,0.00080662215
SCUBE1,0.0008053784
MXRA7,0.000803246
WASH1,0.0008029748
GDPD3,0.00080183236
LOC728026,0.00079636165
IL2,0.00079621375
KLRC4-KLRK1,0.0007961747
LOC644762,0.0007959203
MZT2B,0.0007944179
SCGB3A1,0.0007890893
SRRD,0.0007871581
HIST2H2AC,0.0007801506
HRASLS2,0.000774907
SERPINH1,0.0007746754
KIAA1683,0.00077424356
SNORA67,0.000774093
TMEM183B,0.0007714145
ASCL1,0.0007642043
NPIPA5,0.00076372287
RN7SK,0.00076188316
DERL3,0.00075968436
CKLF-CMTM1,0.0007578357
IL17F,0.00075706426
LOC102724537,0.00075518864
TGFB3,0.0007531803
HNRNPA3P1,0.000751556
VTRNA2-1,0.0007434715
LOC102724594,0.00073973084
ZCCHC24,0.00072301924
CAPN3,0.0007203323
C17orf67,0.00071693276
PARD6G-AS1,0.00071487325
IL10RB-AS1,0.0007131514
THAP3,0.0007096803
LOC100506860,0.0007096087
RBM38,0.0007090994
LOC102723897,0.0007071528
PYGM,0.00070686574
LOC390937,0.0007037625
SCGB1A1,0.00070171064
SLC25A29,0.0006955651
MAMDC4,0.0006942455
SLC25A30-AS1,0.0006879365
IER3,0.0006799435
MCTP1,0.00067706336
ALOX15,0.0006734637
RPSAP9,0.0006628284
MFI2,0.00066273607
PKN3,0.00065772474
PDE9A,0.0006550693
LOC100507501,0.0006518092
LOC101060376,0.0006517259
CTAGE11P,0.00065109803
SNORA10,0.00064786035
MARCH2,0.00063634745
SNORD55,0.0006341165
NTNG2,0.00063098466
SERF1B,0.0006298859
LYL1,0.00062736263
NRADDP,0.00062410627
LOC102724448,0.0006236983
KLHL31,0.00062347995
BEX5,0.00062155584
HES6,0.000619247
MUC20,0.000615195
ACTG2,0.0006130502
SCARNA7,0.0006074456
SNORD15A,0.0006071951
FAM114A1,0.0006005379
LOC728392,0.00059686095
CCL2,0.00059555116
GNMT,0.00058117375
ZDHHC23,0.0005799492
ANKRD16,0.0005602763
ZNF704,0.00055682304
AGER,0.000525289
PIPSL,0.00051926245
ZBED8,0.0005115125
RNU5B-1,0.0005090914
CTRL,0.0005061779
PTGDS,0.00034019235
RNU4-1,0.0
PLA2G1B,0.0
HOXC-AS2,0.0
LOC101929204,0.0
HSPB8,0.0
PTPRB,0.0
SNORA70G,0.0
RPSAP52,0.0
LOC101928346,0.0
LOC102724075,0.0
LOC100240734,0.0
LINC00485,0.0
LOC100505978,0.0
PERM1,0.0
LOC102724571,0.0
PADI4,0.0
MFAP2,0.0
FAM131C,0.0
FBLIM1,0.0
HNRNPCL2,0.0
LOC649330,0.0
HNRNPCL1,0.0
SDS,0.0
RAP1GAP,0.0
PLA2G2C,0.0
MINOS1-NBL1,0.0
LOC100506730,0.0
KSR2,0.0
ITGA7,0.0
WIF1,0.0
RAD9B,0.0
SNORA53,0.0
GLI1,0.0
SLC39A5,0.0
LOC102723722,0.0
CYP2D7P,0.0
ZNF32-AS1,0.0
UNC5B,0.0
LOC101929021,0.0
SERHL,0.0
LOC284600,0.0
SERHL2,0.0
RHOBTB1,0.0
TNKS2-AS1,0.0
IFIT2,0.0
AGAP11,0.0
ADIRF,0.0
LOC100288974,0.0
LDB3,0.0
DNAJC12,0.0
KLHL17,0.0
SAMD11,0.0
WASH7P,0.0
LOC101928530,0.0
VWA1,0.0
PRR5-ARHGAP8,0.0
FAM132A,0.0
HES4,0.0
SLC16A8,0.0
AMHR2,0.0
TENC1,0.0
KRT5,0.0
KRT85,0.0
SMC1B,0.0
LOC100509764,0.0
LOC100506737,0.0
LOC90834,0.0
NPFF,0.0
SCARNA2,0.0
LOC100129138,0.0
AMY2A,0.0
VCAM1,0.0
LOC101930079,0.0
LOC101930325,0.0
PFN1P2,0.0
REG4,0.0
GeneID:101928822,0.0
LOC101928197,0.0
LIN28A,0.0
C1QB,0.0
C1QC,0.0
FAM229A,0.0
MTMR9LP,0.0
SERINC2,0.0
TMEM200B,0.0
CD164L2,0.0
OSTCP2,0.0
SFN,0.0
LINC01356,0.0
CRYBB3,0.0
TOP1P2,0.0
RFPL3,0.0
GAL3ST1,0.0
HORMAD2-AS1,0.0
CABP7,0.0
RASL10A,0.0
GUCY1B2,0.0
LOC102723679,0.0
OVGP1,0.0
SERP2,0.0
SMIM2-IT1,0.0
CLDN10,0.0
LOC102724149,0.0
LINC00377,0.0
LOC102724065,0.0
BTF3P11,0.0
PIN1P1,0.0
DIRAS3,0.0
NUTF2P4,0.0
LOC101929410,0.0
LOC101927848,0.0
TUBB8,0.0
CHKB,0.0
MIOX,0.0
PANX2,0.0
SKIDA1,0.0
TMEM236,0.0
LOC101928701,0.0
PPIAP30,0.0
CITED4,0.0
PGAM1P5,0.0
RAB36,0.0
GNAZ,0.0
RTDR1,0.0
MIR650,0.0
GGTLC2,0.0
CCDC116,0.0
BCRP3,0.0
ADORA2A-AS1,0.0
SUSD2,0.0
LOC102725395,0.0
KCNQ4,0.0
OXCT2,0.0
BMP8B,0.0
HEYL,0.0
SNORA55,0.0
EPHA10,0.0
TSSK3,0.0
RNU5D-1,0.0
RNU5F-1,0.0
SLC6A9,0.0
LOC101927904,0.0
SLFNL1,0.0
HES2,0.0
LOC100129534,0.0
LOC101929017,0.0
CALML6,0.0
MMP23A,0.0
MMP23B,0.0
FBXO2,0.0
LOC101929181,0.0
CALML3,0.0
MPL,0.0
HSP90AB4P,0.0
LOC101928635,0.0
WDR72,0.0
C15orf48,0.0
GeneID:145663,0.0
ST7-OT3,0.0
EIF3IP1,0.0
RASA4B,0.0
SH2B2,0.0
CALD1,0.0
LOC102725367,0.0
LOC407835,0.0
LOC100131289,0.0
HIST1H4I,0.0
LOC102723346,0.0
SFTA2,0.0
MSH5-SAPCD1,0.0
SNORD117,0.0
LOC101930461,0.0
NKX2-3,0.0
LINC01475,0.0
LOC101930233,0.0
WASH3P,0.0
LOC102723335,0.0
ADAMTS17,0.0
LINC00923,0.0
SNORD116-26,0.0
MKRN3,0.0
GOLGA8S,0.0
LOC283683,0.0
LOC102724835,0.0
LOC642131,0.0
THBS1,0.0
GOLGA8O,0.0
GOLGA8K,0.0
GOLGA8H,0.0
LOC102724005,0.0
GOLGA8R,0.0
LOC100289656,0.0
SERF2-C15ORF63,0.0
LOC101930630,0.0
STRC,0.0
SPTBN5,0.0
ANP32AP1,0.0
LINC01006,0.0
FABP5P3,0.0
RARRES2,0.0
ELN,0.0
MLXIPL,0.0
TRIM50,0.0
LOC100101148,0.0
LINC01372,0.0
LOC102725436,0.0
LOC102725292,0.0
LOC101927278,0.0
PMS2P3,0.0
GTF2IP1,0.0
GATSL2,0.0
PON3,0.0
MGC16142,0.0
LOC102723885,0.0
SEMA3E,0.0
PMS2P9,0.0
DTX2P1-UPK3BP1-PMS2P11,0.0
UPK3B,0.0
FDPSP2,0.0
LINC00866,0.0
LOC101930240,0.0
LOC102724002,0.0
C10orf131,0.0
CYP2C18,0.0
CASC2,0.0
TDRD1,0.0
RPL13AP6,0.0
MIR1307,0.0
TPI1P2,0.0
LOC102723795,0.0
LOC101930608,0.0
OR2A20P,0.0
LOC101928605,0.0
CTAGE15,0.0
CLCN1,0.0
PRSS2,0.0
PTN,0.0
LOC102724971,0.0
LOC102725391,0.0
LOC101930438,0.0
TSPAN12,0.0
FAM186B,0.0
LOC100335030,0.0
DNAJC22,0.0
SCARNA12,0.0
GNB3,0.0
ACRBP,0.0
LOC101929549,0.0
LOC101928054,0.0
PSD,0.0
FGF8,0.0
LOC102723520,0.0
LOC285766,0.0
CALY,0.0
C10orf90,0.0
HMX2,0.0
SNORA19,0.0
TFAP2A-AS1,0.0
TFAP2A,0.0
PXDC1,0.0
LOC100507336,0.0
FZD8,0.0
DPCD,0.0
LUM,0.0
EPYC,0.0
MKRN9P,0.0
SKP1P2,0.0
LOC100506314,0.0
RPL13AP20,0.0
TAS2R43,0.0
LOC101927019,0.0
FLJ13224,0.0
LOC101929416,0.0
ASIC1,0.0
RASSF8-AS1,0.0
ABCC9,0.0
SLCO1A2,0.0
WNT10B,0.0
SNORA2B,0.0
ANP32D,0.0
LOC101927180,0.0
LOC102724147,0.0
LOC102723757,0.0
POU6F1,0.0
RASSF8,0.0
LOC440292,0.0
LOC101929333,0.0
LOC729739,0.0
REC114,0.0
LARP6,0.0
LOC101929451,0.0
ALPK3,0.0
LOC283693,0.0
MEX3B,0.0
ABHD17C,0.0
LOC102031319,0.0
LOC440311,0.0
LOC101927129,0.0
LOC283682,0.0
GeneID:400454,0.0
RGMA,0.0
GABARAPL3,0.0
MESP1,0.0
LOC101929679,0.0
LOC100507424,0.0
CACNA1C,0.0
CIB2,0.0
ARMC4P1,0.0
LRRC37A6P,0.0
LINC00202-1,0.0
GPR158,0.0
PTF1A,0.0
LOC101930591,0.0
FAM35DP,0.0
FAM35BP,0.0
HNRNPA1P33,0.0
ANTXRL,0.0
LOC91450,0.0
FAM86FP,0.0
RBP5,0.0
FLJ46363,0.0
LOC100506159,0.0
KLRF2,0.0
TAS2R20,0.0
LOC101929789,0.0
TAS2R14,0.0
TAS2R13,0.0
PRR4,0.0
LOC101927905,0.0
ESX1,0.0
H2BFXP,0.0
LL0XNC01-116E7.2,0.0
TMEM31,0.0
LOC100506901,0.0
DPH3P1,0.0
CDH26,0.0
SLMO2-ATP5E,0.0
SUMO1P1,0.0
LINC01135,0.0
TCEA2,0.0
RTEL1,0.0
SRMS,0.0
LOC100506674,0.0
SERF1A,0.0
LOC101928967,0.0
LOC102724995,0.0
GTF2H2C_2,0.0
LOC101928885,0.0
GeneID:102724189,0.0
ATP9A,0.0
LOC101929719,0.0
SEPP1,0.0
LIFR,0.0
LOC102725414,0.0
TTC23L,0.0
LSP1P3,0.0
LOC100288152,0.0
DBNDD1,0.0
ELOVL7,0.0
RAB3C,0.0
ZCCHC12,0.0
GPX8,0.0
MTRNR2L10,0.0
BEX1,0.0
TCEAL6,0.0
TCEAL2,0.0
XRCC6P5,0.0
RPA4,0.0
PGAM4,0.0
MAP2K4P1,0.0
LINC01285,0.0
IL31RA,0.0
DNAAF1,0.0
LOC100129617,0.0
LOC102724118,0.0
LOC102724084,0.0
LOC101927838,0.0
LOC101930269,0.0
IL17C,0.0
ZFPM1,0.0
LOC101928880,0.0
STX1B,0.0
LRRC70,0.0
LOC101928671,0.0
SLX1A-SULT1A3,0.0
SLX1A,0.0
MT3,0.0
UBE2MP1,0.0
LOC102725365,0.0
TP53TG3,0.0
LOC102725101,0.0
ITGAD,0.0
MT1G,0.0
CTF1,0.0
BHMT,0.0
ZBED3-AS1,0.0
NCRUPAR,0.0
LOC101929109,0.0
ANKDD1B,0.0
MAP1B,0.0
LOC100653061,0.0
NRN1L,0.0
LOC100505942,0.0
SLC9A5,0.0
ADAD2,0.0
BEAN1-AS1,0.0
APOOP5,0.0
LOC101928203,0.0
LDHD,0.0
CLEC18B,0.0
CLEC18C,0.0
CLEC18A,0.0
LCAT,0.0
CA5A,0.0
LOC101928659,0.0
RRAD,0.0
LOC101927486,0.0
SNORD12,0.0
WFDC2,0.0
PI3,0.0
LOC101928356,0.0
LOC100509853,0.0
RPS4Y2,0.0
APOD,0.0
TRH,0.0
CD14,0.0
MCM8-AS1,0.0
GATA2,0.0
PODXL2,0.0
GeneID:102723666,0.0
ZBTB20-AS1,0.0
TRNP,0.0
LRRC34,0.0
PLCH1,0.0
SUCNR1,0.0
AMT,0.0
EFCAB12,0.0
HES1,0.0
LEPREL1,0.0
TPRG1-AS2,0.0
LOC388780,0.0
TRNA,0.0
TRNV,0.0
LOC102723589,0.0
CELSR3-AS1,0.0
PRSS44,0.0
CLEC3B,0.0
CST1,0.0
LOC102723588,0.0
GLYCTK-AS1,0.0
GRM2,0.0
CST4,0.0
SLC24A3,0.0
LOC102724936,0.0
TGIF2-C20orf24,0.0
LOC100130373,0.0
EPB41L1,0.0
FER1L4,0.0
MIR564,0.0
LOC102724885,0.0
LOC101926893,0.0
LOC101929687,0.0
VCAN,0.0
IL3,0.0
CHSY3,0.0
LOC102723571,0.0
LINC01170,0.0
LOC101927212,0.0
CDO1,0.0
LOC100287852,0.0
CXCL14,0.0
IL4,0.0
IL13,0.0
IL5,0.0
LOC553103,0.0
LOC102723997,0.0
LOC729080,0.0
PCDHB9,0.0
LOC102725150,0.0
VTRNA1-1,0.0
SNORA13,0.0
LOC102724841,0.0
HTR1F,0.0
LOC102724914,0.0
PTPRG-AS1,0.0
LOC101929159,0.0
LOC102724626,0.0
SIRPD,0.0
LINC01205,0.0
LOC102723407,0.0
LINC00882,0.0
LOC401052,0.0
LOC101927169,0.0
JAKMIP2-AS1,0.0
PLAC8L1,0.0
HMHB1,0.0
LOC100507387,0.0
ENTPD3-AS1,0.0
SLC22A14,0.0
LOC101927805,0.0
TIMP4,0.0
LOC102725432,0.0
FAXDC2,0.0
GGT3P,0.0
LOC101929426,0.0
CECR2,0.0
CECR5-AS1,0.0
TPTEP1,0.0
DUXAP8,0.0
TMEM191C,0.0
FAM230B,0.0
LOC101928891,0.0
MT1B,0.0
GeneID:100506454,0.0
DGCR6,0.0
HSFX2,0.0
UBE2NL,0.0
LINC00086,0.0
FAM127C,0.0
LOC101928426,0.0
SNORA69,0.0
RNU6-59P,0.0
TPTE2,0.0
SCARF2,0.0
LOC101927851,0.0
ACTA1,0.0
LOC101930466,0.0
LOC102723817,0.0
OR2L2,0.0
OR2L1P,0.0
C1orf229,0.0
LOC339529,0.0
MAP1LC3C,0.0
RPS7P5,0.0
LOC101060458,0.0
C1orf192,0.0
CASQ1,0.0
ETV3L,0.0
BGLAP,0.0
EFNA3,0.0
ADCY10,0.0
FAM78B,0.0
RGS4,0.0
RPL31P11,0.0
PCDH17,0.0
MT1HL1,0.0
S100A5,0.0
S100A12,0.0
S100A9,0.0
C2CD4D,0.0
TMOD4,0.0
CTSK,0.0
GNG12,0.0
RAVER2,0.0
HSD52,0.0
C7orf61,0.0
TUBA3C,0.0
PTCH2,0.0
LOC149351,0.0
LOC729930,0.0
CYR61,0.0
LOC101927560,0.0
LOC101929374,0.0
EMID1,0.0
KREMEN1,0.0
ZNRF3-AS1,0.0
LOC102724336,0.0
ELAVL4,0.0
H2AFB2,0.0
FCGR3B,0.0
SCARNA3,0.0
SNORD76,0.0
DNM3OS,0.0
TOP1P1,0.0
GPR161,0.0
PTPRVP,0.0
LOC102725521,0.0
HMCN1,0.0
DCST2,0.0
LOC100996732,0.0
HIST2H2BA,0.0
LOC100996318,0.0
RNVU1-4,0.0
LOC101930551,0.0
LOC101929781,0.0
NUDT4P2,0.0
PPIAL4D,0.0
HIST2H2AA3,0.0
NUDT4P1,0.0
SRGAP2B,0.0
USP12-AS2,0.0
SHISA2,0.0
MIR5006,0.0
OR7E37P,0.0
LINC00598,0.0
LINC00548,0.0
CSNK1A1L,0.0
KL,0.0
MINOS1P1,0.0
SNORA11,0.0
GNG4,0.0
USP27X,0.0
LOC102724400,0.0
CACNA1F,0.0
SYP-AS1,0.0
MAGIX,0.0
CITED1,0.0
AR,0.0
FRMD8P1,0.0
ASB12,0.0
LOC102723692,0.0
FGD1,0.0
MT1A,0.0
MT1JP,0.0
MT1M,0.0
TEPP,0.0
GPR97,0.0
CCL17,0.0
CCL22,0.0
MT1IP,0.0
MT1H,0.0
LOC102724984,0.0
SNORA27,0.0
LOC100505564,0.0
RBFOX1,0.0
C16orf71,0.0
SMG1P1,0.0
OTOA,0.0
LOC101927830,0.0
H2AFB1,0.0
LINC00545,0.0
GeneID:102723372,0.0
LINC00384,0.0
NPIPA2,0.0
NPW,0.0
NOXO1,0.0
LOC101929751,0.0
ZSCAN10,0.0
LOC100128770,0.0
LINC00514,0.0
SRRM2-AS1,0.0
LOC729652,0.0
G0S2,0.0
PM20D1,0.0
PKD1P1,0.0
LOC284577,0.0
BLACAT1,0.0
LEMD1,0.0
FMOD,0.0
GeneID:100288102,0.0
LOC441124,0.0
LOC101929713,0.0
LOC101929666,0.0
SPATA45,0.0
LOC101927906,0.0
SLC45A3,0.0
LOC102723708,0.0
NPIPB9,0.0
SULT1A2,0.0
NUPR1,0.0
NPIPB6,0.0
BOLA2B,0.0
ZG16,0.0
BOLA2,0.0
LOC102725214,0.0
HBQ1,0.0
RAB26,0.0
HBA2,0.0
HBM,0.0
RHBDF1,0.0
LOC102725469,0.0
XX-CR54.4,0.0
LOC101929440,0.0
TPSAB1,0.0
TPSB2,0.0
METRN,0.0
SNORD60,0.0
HBA1,0.0
C14orf37,0.0
TRPM4,0.0
LHB,0.0
RASIP1,0.0
NTN5,0.0
CRX,0.0
LOC390956,0.0
C19orf81,0.0
SYT3,0.0
STK31,0.0
SNORD35B,0.0
HSPA4L,0.0
IL21-AS1,0.0
ZFP42,0.0
SPATA4,0.0
WDR17,0.0
LOC101930370,0.0
FAM218A,0.0
ANP32C,0.0
SAMSN1-AS1,0.0
ASPDH,0.0
ARSJ,0.0
ANK2,0.0
LOC101929595,0.0
ANXA2P1,0.0
HHIP-AS1,0.0
GYPE,0.0
LOC100507487,0.0
LOC101927163,0.0
FITM1,0.0
MMP14,0.0
TOMM20L,0.0
RPL13AP3,0.0
FERMT2,0.0
C14orf183,0.0
RPL10L,0.0
LOC101927418,0.0
INSM2,0.0
ACOT1,0.0
SLC10A1,0.0
LOC100506321,0.0
HIF1A-AS1,0.0
RNASE1,0.0
BMPR1B,0.0
SPP1,0.0
NAA11,0.0
ANXA3,0.0
FAM47E,0.0
CXCL10,0.0
CCDC108,0.0
WNT10A,0.0
WNT6,0.0
LOC102723360,0.0
PLCD4,0.0
IGFBP2,0.0
LOC101928103,0.0
PTH2R,0.0
LOC100996693,0.0
TUBA4B,0.0
LOC101928521,0.0
ZNF732,0.0
LOC102724396,0.0
LOC101927187,0.0
LOC102723421,0.0
LOC102724951,0.0
LOC102724428,0.0
LOC102724334,0.0
PTTG2,0.0
LOC101929199,0.0
LOC102723744,0.0
LOC101928910,0.0
FAM86KP,0.0
HTRA3,0.0
ADAMTS3,0.0
DDIT4L,0.0
LOC101928879,0.0
GABRA4,0.0
LOC401127,0.0
ART3,0.0
CXCL2,0.0
CXCL3,0.0
CXCL5,0.0
CXCL1,0.0
CXCL8,0.0
ALB,0.0
FDCSP,0.0
LOC101928609,0.0
LOC101928438,0.0
LOC100499484,0.0
DNLZ,0.0
NACC2,0.0
DBH,0.0
ADAMTS13,0.0
LCNL1,0.0
LCN12,0.0
TRAM1L1,0.0
MIR4674HG,0.0
NPR2,0.0
CA9,0.0
ATP8B5P,0.0
CCL19,0.0
PRSS3,0.0
LINC01251,0.0
LOC102724238,0.0
FAM27C,0.0
CBWD6,0.0
CCDC183,0.0
DIRAS2,0.0
AK1,0.0
C9orf117,0.0
MIR600HG,0.0
GSN-AS1,0.0
SNORD35A,0.0
SNORD32A,0.0
LOC101928295,0.0
ZNF525,0.0
ZNF321P,0.0
MIA,0.0
CTU1,0.0
KLK14,0.0
NAT14,0.0
TMEM238,0.0
TTYH1,0.0
FBXO27,0.0
LOC644554,0.0
LOC284412,0.0
SYNE4,0.0
LOC100505585,0.0
CLDND2,0.0
GRIK1,0.0
TSPEAR-AS1,0.0
LRRC3DN,0.0
TRPM2-AS,0.0
PDXK,0.0
GeneID:257357,0.0
KCNJ6,0.0
DSCR9,0.0
CBWD1,0.0
FOXD4,0.0
GXYLT1P3,0.0
LOC101928745,0.0
KRTAP12-3,0.0
C21orf90,0.0
ANKRD18B,0.0
SUGT1P1,0.0
AQP7,0.0
LOC102724192,0.0
SCARNA8,0.0
LOC101929330,0.0
LINC01061,0.0
LOC102723554,0.0
FAM95B1,0.0
LOC728673,0.0
FAM95C,0.0
SHB,0.0
LOC494127,0.0
LOC101927603,0.0
TRPM3,0.0
C9orf135,0.0
LOC100996643,0.0
LOC286297,0.0
HUNK,0.0
LOC101927823,0.0
UNQ6494,0.0
SPATA31C2,0.0
LOC102724156,0.0
LOC497256,0.0
LOC102724630,0.0
LOC100133286,0.0
KCNE2,0.0
OLIG1,0.0
MRAP,0.0
LINC01501,0.0
LOC339807,0.0
LINC01185,0.0
RPL23AP32,0.0
GPR75-ASB3,0.0
FUNDC2P2,0.0
LOC102724497,0.0
INO80B,0.0
DCTN1-AS1,0.0
ALMS1P,0.0
GPR35,0.0
CTAGE1,0.0
GREB1L,0.0
CYP4F35P,0.0
APCDD1,0.0
PPP4R1-AS1,0.0
RAB12,0.0
LINC-ROR,0.0
MRO,0.0
CCDC11,0.0
LINC00907,0.0
EGR4,0.0
GTSCR1,0.0
RNU6-39P,0.0
LOC101927322,0.0
LOC102724733,0.0
FAM84A,0.0
LOC650157,0.0
C2orf50,0.0
FOXN3-AS1,0.0
LOC101928740,0.0
LINC01467,0.0
LOC101927684,0.0
LOC102724190,0.0
LOC102724667,0.0
TCL1A,0.0
LOC101929107,0.0
SERPINA1,0.0
ARHGEF33,0.0
VIT,0.0
LOC101929500,0.0
LOC101927723,0.0
LOC102724389,0.0
LOC101928431,0.0
PROKR2,0.0
SPEF1,0.0
SNORD56,0.0
HM13-AS1,0.0
LOC101926889,0.0
GGTLC1,0.0
MYH15,0.0
PPP1R2P3,0.0
PRRT3-AS1,0.0
CIDEC,0.0
MEP1B,0.0
LOC101928349,0.0
FGFR4,0.0
LOC101928066,0.0
LOC102724828,0.0
LOC389834,0.0
LOC101060216,0.0
LOC102724770,0.0
LOC102723408,0.0
IL20RB,0.0
CEBPB-AS1,0.0
LOC101930660,0.0
LOC646903,0.0
RNU6-42P,0.0
MUC4,0.0
LOC102725383,0.0
LOC102724031,0.0
TENM2,0.0
KCNQ2,0.0
HAR1B,0.0
GPR64,0.0
INE2,0.0
FLJ33544,0.0
LOC441528,0.0
LOC102725263,0.0
ARSE,0.0
LOC102725277,0.0
LOC101927635,0.0
LOC102724302,0.0
LOC100132831,0.0
ZFX-AS1,0.0
CXorf58,0.0
CHGB,0.0
UBE2E4P,0.0
LOC101930405,0.0
LOC100293211,0.0
ELK2AP,0.0
LOC102723354,0.0
LOC102723342,0.0
LOC102723328,0.0
DUXAP10,0.0
POTEM,0.0
ZNF446,0.0
LOC101927897,0.0
FKBP1AP1,0.0
LOC101928982,0.0
LOC102724369,0.0
IGBP1P1,0.0
CTSG,0.0
NEDD8-MDP1,0.0
RAB6C,0.0
SFT2D3,0.0
OSBPL6,0.0
ERICH2,0.0
C19orf18,0.0
C4orf50,0.0
CYTL1,0.0
MSANTD1,0.0
MYL5,0.0
MFSD7,0.0
LOC101929908,0.0
LOC101060091,0.0
IL1B,0.0
FLJ42351,0.0
LOC101930508,0.0
MEG3,0.0
LOC401010,0.0
WTH3DI,0.0
POTEI,0.0
TUBA3E,0.0
TTC7B,0.0
LINC00637,0.0
AMN,0.0
ANKRD9,0.0
MOK,0.0
SNHG23,0.0
ACOXL,0.0
LIMS3L,0.0
LIMS3,0.0
RGPD3,0.0
LOC101927492,0.0
IL1RL1,0.0
CREG2,0.0
LOC100288911,0.0
LOC100505774,0.0
FLJ31356,0.0
FTH1P3,0.0
LOC101929336,0.0
OTOF,0.0
KCNK12,0.0
BCYRN1,0.0
SIX3,0.0
CDKL4,0.0
LOC375196,0.0
SLC25A52,0.0
DSG3,0.0
AQP4-AS1,0.0
RBFADN,0.0
EMILIN1,0.0
PABPC1P2,0.0
TUBA3D,0.0
LOC102723977,0.0
RNU6-31P,0.0
LOC101927252,0.0
SCHLAP1,0.0
LOC101930543,0.0
LOC102723467,0.0
LOC285074,0.0
LOC102723437,0.0
LOC100509620,0.0
GGT8P,0.0
LOC101926969,0.0
THNSL2,0.0
PLGLB2,0.0
SNORD89,0.0
LOC101927271,0.0
LYG1,0.0
LOC102724486,0.0
FAHD2CP,0.0
TEKT4,0.0
RNF103-CHMP3,0.0
CGA,0.0
IL22RA2,0.0
SLC2A12,0.0
SNORD101,0.0
TPD52L1,0.0
LOC100287632,0.0
LOC101929094,0.0
OSTCP1,0.0
OPRM1,0.0
ECM2,0.0
ECT2L,0.0
PPT2,0.0
CYP21A2,0.0
GRM4,0.0
LINC00336,0.0
HLA-DQA1,0.0
CDK3,0.0
TEN1-CDK3,0.0
ITGB4,0.0
NPB,0.0
RAET1G,0.0
SBF1P1,0.0
DKK4,0.0
LOC102723729,0.0
SNORD13,0.0
RBPMS,0.0
MBOAT4,0.0
CA13,0.0
LINC01419,0.0
CHMP4C,0.0
PTTG3P,0.0
SRSF12,0.0
ABCA6,0.0
MIR548D2,0.0
LOC101928021,0.0
LOC101928001,0.0
LOC102724272,0.0
LOC101929240,0.0
MIR636,0.0
CYGB,0.0
QRICH2,0.0
BVES,0.0
KCNJ2,0.0
ZNF559-ZNF177,0.0
OR7D2,0.0
LYPLA2P2,0.0
C6orf147,0.0
RIMS1,0.0
GSTA1,0.0
PLN,0.0
BRD7P3,0.0
LOC102724646,0.0
LOC102724705,0.0
PPP1R27,0.0
CRHR1,0.0
LOC101927539,0.0
RNF126P1,0.0
EME1,0.0
SGCA,0.0
LOC284080,0.0
FLJ45513,0.0
SNORD104,0.0
GH1,0.0
TBC1D3P2,0.0
COPZ2,0.0
FLJ46026,0.0
FLJ45079,0.0
LOC100996273,0.0
LOC389607,0.0
LOC101927595,0.0
FLJ43681,0.0
LINC01180,0.0
FAM171A2,0.0
RUNDC3A,0.0
SLC4A1,0.0
ZNF433,0.0
FLJ40194,0.0
HOXB13,0.0
HOXB-AS3,0.0
LOC100288123,0.0
ONECUT3,0.0
PSPN,0.0
TINCR,0.0
ANKRD24,0.0
SMIM24,0.0
LOC100996351,0.0
RNU2-1,0.0
CAPN11,0.0
DLK2,0.0
LOC285819,0.0
HIST1H3E,0.0
SLC17A3,0.0
CASC14,0.0
ID4,0.0
IFITM4P,0.0
MOG,0.0
LOC102725438,0.0
HIST1H4K,0.0
HIST1H4J,0.0
CLK2P,0.0
TWIST1,0.0
SNORA5C,0.0
NACAD,0.0
GCK,0.0
PGAM2,0.0
URGCP-MRPS24,0.0
POU6F2-AS2,0.0
HIST1H2BO,0.0
LOC101927632,0.0
GeneID:102723992,0.0
TMEM130,0.0
DLX5,0.0
PRPS1L1,0.0
RNF216-IT1,0.0
PAPOLB,0.0
TFAMP1,0.0
TMEM184A,0.0
AQP1,0.0
TCTE1,0.0
PRR15,0.0
LOC101928093,0.0
LOC102725153,0.0
GUCA1B,0.0
LOC101060264,0.0
KCNK17,0.0
LOC285847,0.0
LOC102725330,0.0
IL17A,0.0
TFAP2D,0.0
DPY19L2P3,0.0
LY6H,0.0
CDC42P3,0.0
LYNX1,0.0
FAM20C,0.0
TMED10P1,0.0
FOXH1,0.0
SCX,0.0
SMPD5,0.0
LOC101930333,0.0
TDH,0.0
LOC101929463,0.0
LOC101929229,0.0
FAM86B3P,0.0
DEFB1,0.0
LOC101927815,0.0
LOC101928058,0.0
STMN4,0.0
GNRH1,0.0
STC1,0.0
LZTS1,0.0
LPL,0.0
LOC101929290,0.0
LINC00174,0.0
INTS4L1,0.0
YWHAEP1,0.0
LOC102724738,0.0
ZNF716,0.0
CDC14C,0.0
LINC01447,0.0
SLC30A8,0.0
AARD,0.0
BAALC,0.0
BREA2,0.0
LOC101927039,0.0
LOC100288748,0.0
PSCA,0.0
ARC,0.0
BAI1,0.0
LOC102723694,0.0
WISP1,0.0
MIR7848,0.0
EPPK1,0.0
MAPK15,0.0
GRHL2,0.0
LOC102723539,0.0
LOC101929918,0.0
BBOX1-AS1,0.0
TMEM86A,0.0
SNORD97,0.0
ADM,0.0
LMO1,0.0
MS4A2,0.0
TCN1,0.0
C17orf82,0.0
C1QTNF4,0.0
CLC,0.0
BCAM,0.0
CEACAM19,0.0
SRRM5,0.0
CD177,0.0
CXCL17,0.0
PRR19,0.0
C19orf83,0.0
APOC1P1,0.0
PRG2,0.0
C11orf85,0.0
MIR192,0.0
RCOR2,0.0
PC,0.0
PELI3,0.0
RIN1,0.0
CNIH2,0.0
CST6,0.0
LOC101930378,0.0
EHBP1L1,0.0
SNORD15B,0.0
FGF19,0.0
FLJ42258,0.0
MYEOV,0.0
FAM86C2P,0.0
NUDT8,0.0
DOC2GP,0.0
DISC1FP1,0.0
DLG2,0.0
ANKRD42,0.0
NDUFC2-KCTD14,0.0
KRTAP5-9,0.0
LOC143666,0.0
LMNTD2,0.0
B4GALNT4,0.0
IFITM5,0.0
LOC100506082,0.0
CHRNA10,0.0
CDKN1C,0.0
TNNT3,0.0
SNORA52,0.0
DRD4,0.0
APOC1,0.0
LOC101927894,0.0
HPX,0.0
HBE1,0.0
HBG2,0.0
HBD,0.0
HBB,0.0
LOC100499484-C9ORF174,0.0
LOC441455,0.0
MIRLET7DHG,0.0
ANKRD19P,0.0
CYB5R2,0.0
APOE,0.0
NANOS3,0.0
CRLF1,0.0
LOC102724342,0.0
LOC101928812,0.0
C11orf96,0.0
HNRNPKP3,0.0
RPLP0P2,0.0
TMEM132A,0.0
MS4A10,0.0
GRIN1,0.0
MS4A6E,0.0
LGALS12,0.0
SNORD30,0.0
HNRNPUL2-BSCL2,0.0
LRRN4CL,0.0
LOC101930129,0.0
ZMYND19,0.0
NRARP,0.0
C9orf173-AS1,0.0
LRRC26,0.0
MS4A15,0.0
HIC1,0.0
TMEM88,0.0
RPL29P2,0.0
DNAH2,0.0
SENP3,0.0
NWD1,0.0
SCGB1B2P,0.0
SLC7A10,0.0
TDRD12,0.0
MGC39545,0.0
ZNF676,0.0
YJEFN3,0.0
MEF2BNB-MEF2B,0.0
GAPDHS,0.0
FXYD3,0.0
HPN,0.0
SCN1B,0.0
GRIN3B,0.0
ARID3A,0.0
RNU6-9,0.0
LOC101929124,0.0
CA4,0.0
WFDC21P,0.0
SLC35G3,0.0
CCL1,0.0
TIAF1,0.0
CCDC144NL,0.0
SNORD3C,0.0
ZNF286B,0.0
CCL18,0.0
CCL23,0.0
LOC101559451,0.0
C17orf98,0.0
TBC1D3C,0.0
LOC101060389,0.0
LOC102724862,0.0
HCRT,0.0
TCAP,0.0
FBXO47,0.0
SNORA21,0.0
LOC102724009,0.0
GP1BA,0.0
CCL15,0.0
COLCA1,0.0
MMP7,0.0
SNORA1,0.0
SCARNA9,0.0
LOC102723746,0.0
SCN4B,0.0
LOC102725352,0.0
ANKK1,0.0
LOC283140,0.0
BCO2,0.0
FSTL3,0.0
LOC102724440,0.0
LOC102724457,0.0
LOC341056,0.0
LOC101929227,0.0
RTN4RL1,0.0
DBIL5P,0.0
C17orf97,0.0
LOC101929070,0.0
LOC101929482,0.0
BARX2,0.0
VSIG2,0.0
C2CD4C,0.0
LOC101930503,0.0
LOC101929523,0.0
LOC101928572,0.0
C19orf35,0.0
AMH,0.0
MIR6789,0.0
NLGN2,0.0
WSCD1,0.0
RCVRN,0.0
CRYAB,0.0
HES7,0.0
GUCY2D,0.0
SCARNA21,0.0
LOC102724217,0.0
NT5M,0.0
MEIS3P1,0.0
TVP23C-CDRT4,0.0
HS3ST3A1,0.0
ARHGAP44,0.0
LOC100128006,0.0
LOC100128288,0.0
